emp_id,first_name,last_name,email,address,city,state,postal,ip_address
1,Ronnica,Doge,rdoge0@spiegel.de,99360 Mifflin Hill,Trenton,NJ,8603,232.23.168.7
2,Dusty,Rydeard,drydeard1@seattletimes.com,986 Eastwood Street,Los Angeles,CA,90030,234.182.138.19
3,Kial,Joderli,kjoderli2@istockphoto.com,64090 Old Gate Junction,Los Angeles,CA,90040,54.161.54.159
4,Johny,Christophersen,jchristophersen3@census.gov,40333 Oak Way,Boston,MA,2163,138.28.177.20
5,Kinsley,Colbourne,kcolbourne4@qq.com,04 Michigan Place,Atlanta,GA,31196,167.147.163.91
6,Tedman,Simeons,tsimeons5@cam.ac.uk,4 Transport Place,Cleveland,OH,44197,56.232.137.73
7,Demetria,Jaquemar,djaquemar6@blinklist.com,22315 Namekagon Hill,Fort Worth,TX,76134,167.79.120.138
8,Pooh,Ovanesian,povanesian7@e-recht24.de,56711 Sycamore Place,Farmington,MI,48335,206.205.121.161
9,Lynnea,Navarre,lnavarre8@ucoz.com,1909 Gateway Avenue,Saginaw,MI,48604,43.209.101.249
10,Abdul,Mobley,amobley9@admin.ch,470 Dakota Crossing,Saint Paul,MN,55166,116.254.246.53
11,Pet,Founds,pfoundsa@woothemes.com,2 Pawling Junction,Erie,PA,16550,54.247.163.65
12,Evania,Purkis,epurkisb@twitter.com,384 Waubesa Trail,Chattanooga,TN,37416,16.118.60.38
13,Dory,Cammis,dcammisc@4shared.com,69 Hintze Hill,Corona,CA,92883,196.204.45.245
14,Kameko,Peacop,kpeacopd@samsung.com,3324 Dexter Center,Tampa,FL,33680,109.248.92.102
15,Blaine,Colebourne,bcolebournee@thetimes.co.uk,79924 Schiller Park,Dallas,TX,75397,129.10.176.18
16,Consuela,Cassey,ccasseyf@yahoo.com,0 Oak Place,Philadelphia,PA,19104,49.40.104.70
17,Stefa,Rannald,srannaldg@is.gd,4 Corben Alley,Nashville,TN,37240,104.145.60.129
18,Venita,Davidou,vdavidouh@ft.com,24970 Sunbrook Pass,Cincinnati,OH,45254,43.64.249.223
19,Blayne,Bleazard,bbleazardi@nationalgeographic.com,01239 Crest Line Place,Chattanooga,TN,37450,144.43.173.217
20,Joceline,Rhydderch,jrhydderchj@walmart.com,19534 Pawling Circle,New York City,NY,10184,114.215.145.244
21,Sheila,Muzzlewhite,smuzzlewhitek@yahoo.com,04 Lerdahl Center,Memphis,TN,38119,90.91.113.212
22,Hakeem,Tilt,htiltl@washington.edu,57992 American Place,Fairfax,VA,22036,44.67.215.120
23,Catie,Deacon,cdeaconm@engadget.com,5 Springs Pass,Winston Salem,NC,27110,47.62.164.209
24,Conant,Astman,castmann@mozilla.com,531 Northland Drive,Savannah,GA,31416,162.88.221.164
25,Elmira,Gullberg,egullbergo@bravesites.com,68 Marquette Circle,Allentown,PA,18105,220.193.252.68
26,Bette,Sainer,bsainerp@woothemes.com,0 La Follette Alley,Portsmouth,NH,3804,75.109.169.131
27,Winslow,Denyakin,wdenyakinq@shareasale.com,48 Macpherson Avenue,Lubbock,TX,79405,16.144.4.213
28,Rudd,Putton,rputtonr@lulu.com,886 Twin Pines Street,Fresno,CA,93715,55.182.125.183
29,Jonathon,Peggram,jpeggrams@washington.edu,4 Hoepker Parkway,Brooklyn,NY,11254,150.234.90.152
30,Salomone,Pollard,spollardt@fc2.com,17 Macpherson Plaza,Frankfort,KY,40618,56.231.77.235
31,Erminie,Sprey,espreyu@salon.com,1299 Browning Road,Spokane,WA,99260,74.89.231.115
32,Konstanze,Lowrance,klowrancev@utexas.edu,0 Elmside Court,Houston,TX,77250,182.173.3.60
33,Bernelle,Alkins,balkinsw@europa.eu,824 Fordem Lane,Reno,NV,89505,176.114.167.31
34,Raimondo,Edgington,redgingtonx@dagondesign.com,2185 Ridge Oak Drive,Hartford,CT,6105,94.0.178.204
35,Lanette,Spellard,lspellardy@adobe.com,4300 Sutherland Plaza,Miami,FL,33124,185.46.168.96
36,Boonie,McIlory,bmciloryz@redcross.org,7 Prairieview Point,Lancaster,PA,17605,231.245.211.23
37,Lenna,Cristofori,lcristofori10@cargocollective.com,988 Saint Paul Avenue,Tulsa,OK,74108,19.67.141.149
38,Melessa,Simmgen,msimmgen11@fastcompany.com,79 Goodland Parkway,Monticello,MN,55590,81.101.213.111
39,Winthrop,Noir,wnoir12@redcross.org,86408 Reinke Pass,Orlando,FL,32819,197.199.141.74
40,Quint,Frankcomb,qfrankcomb13@vimeo.com,0840 Becker Circle,Santa Ana,CA,92705,56.63.14.102
41,Bennett,Fuke,bfuke14@behance.net,8 Starling Plaza,Birmingham,AL,35220,78.233.247.28
42,Hall,Layus,hlayus15@lycos.com,919 Springs Junction,Young America,MN,55573,183.3.162.60
43,Jacquelyn,Ferriman,jferriman16@shareasale.com,78 Hintze Terrace,Gainesville,FL,32605,98.188.156.52
44,Faber,Duiguid,fduiguid17@google.it,7 Buell Avenue,Richmond,VA,23220,159.178.231.246
45,Hildegaard,Dillet,hdillet18@wikispaces.com,68313 Calypso Parkway,Abilene,TX,79605,99.183.234.81
46,Finley,Brashier,fbrashier19@webnode.com,562 Jackson Alley,Peoria,IL,61614,22.120.166.141
47,Enrique,Alpe,ealpe1a@noaa.gov,06 Esker Drive,Portsmouth,VA,23705,138.207.160.70
48,Paddy,Ostick,postick1b@joomla.org,4365 Chinook Avenue,Miami,FL,33142,55.236.135.37
49,Lanny,Bigglestone,lbigglestone1c@histats.com,362 Randy Hill,Indianapolis,IN,46239,19.143.134.23
50,Dasha,Ryde,dryde1d@about.com,9 1st Street,Montgomery,AL,36195,42.177.19.218
51,Sib,Jaggi,sjaggi1e@networksolutions.com,184 Park Meadow Road,Seattle,WA,98195,244.207.214.230
52,Ruperto,Uzzell,ruzzell1f@hexun.com,698 Mallory Center,Colorado Springs,CO,80905,109.63.72.185
53,Magda,Pamplin,mpamplin1g@mit.edu,144 Russell Street,Newport News,VA,23605,28.26.180.50
54,Xerxes,Knowlys,xknowlys1h@addthis.com,9793 Dwight Point,Fort Lauderdale,FL,33355,217.74.124.139
55,Iggy,Stolli,istolli1i@jigsy.com,1 Hayes Terrace,Fort Lauderdale,FL,33315,210.84.9.66
56,Clarence,St. Pierre,cstpierre1j@oaic.gov.au,148 Oak Valley Avenue,Jacksonville,FL,32236,233.7.179.55
57,Worthington,Keam,wkeam1k@baidu.com,9607 Warbler Parkway,El Paso,TX,88535,106.139.97.224
58,Chic,Sallowaye,csallowaye1l@army.mil,68181 Melrose Court,Miami,FL,33129,16.33.202.108
59,Tiebout,Philippsohn,tphilippsohn1m@nbcnews.com,6 Caliangt Lane,Tucson,AZ,85732,87.156.5.81
60,Phineas,Charlotte,pcharlotte1n@tmall.com,354 Crowley Circle,North Little Rock,AR,72199,211.139.73.104
61,Gillian,Castelot,gcastelot1o@livejournal.com,041 Moland Court,Miami Beach,FL,33141,38.142.55.81
62,Terri,Mcettrick,tmcettrick1p@adobe.com,45322 Hoepker Plaza,Orlando,FL,32803,193.34.142.110
63,Tally,Jandl,tjandl1q@yale.edu,8018 Coolidge Way,Huntington,WV,25709,14.151.157.133
64,Paloma,Kimbrey,pkimbrey1r@godaddy.com,85 Canary Junction,Detroit,MI,48217,156.253.234.86
65,Marget,Lum,mlum1s@msu.edu,2 East Place,Houston,TX,77288,150.190.43.237
66,Sande,Manes,smanes1t@technorati.com,428 Warbler Crossing,Ann Arbor,MI,48107,74.123.56.33
67,Iosep,Servante,iservante1u@virginia.edu,89 Aberg Park,Richmond,CA,94807,146.45.233.221
68,Jessamyn,Squibb,jsquibb1v@cafepress.com,9 Ryan Drive,Dayton,OH,45419,164.211.90.219
69,Berny,Lewton,blewton1w@cnbc.com,354 Fair Oaks Park,Columbia,SC,29220,177.37.218.25
70,Teriann,Marchant,tmarchant1x@zimbio.com,619 Maple Wood Terrace,Saint Paul,MN,55108,9.40.223.115
71,Catrina,Brinsden,cbrinsden1y@jigsy.com,22675 Granby Avenue,San Antonio,TX,78265,94.13.228.17
72,Timofei,Wakeling,twakeling1z@delicious.com,80 Lukken Road,Saint Paul,MN,55114,46.108.61.253
73,Rosette,Vida,rvida20@tamu.edu,813 Forster Alley,Washington,DC,20036,236.247.38.160
74,Cece,Pawlata,cpawlata21@blog.com,76 Loomis Street,West Palm Beach,FL,33411,91.239.138.254
75,Maiga,Lidgley,mlidgley22@gov.uk,9 Vidon Park,San Francisco,CA,94164,12.104.139.226
76,Adorne,Nassi,anassi23@tinypic.com,6 Carioca Alley,San Francisco,CA,94105,164.93.158.95
77,Arnuad,McColley,amccolley24@java.com,3 Arizona Avenue,Hyattsville,MD,20784,125.195.218.185
78,Rafaello,Gumme,rgumme25@mapy.cz,342 Welch Drive,Providence,RI,2905,229.28.135.16
79,Lynn,Kiley,lkiley26@ox.ac.uk,42 Glendale Terrace,Honolulu,HI,96850,43.200.153.76
80,Delbert,Eudall,deudall27@shop-pro.jp,91808 Buell Center,Bismarck,ND,58505,80.29.12.104
81,Alistair,Keightley,akeightley28@yolasite.com,98 Towne Terrace,Huntington,WV,25711,49.253.17.246
82,Gina,Spurret,gspurret29@typepad.com,9 Harper Crossing,Little Rock,AR,72204,80.123.36.36
83,Malchy,Tredwell,mtredwell2a@sphinn.com,63 Toban Plaza,South Lake Tahoe,CA,96154,140.99.151.25
84,Laurella,Nials,lnials2b@webs.com,009 Reindahl Crossing,Salt Lake City,UT,84110,92.108.76.106
85,Lindie,Hay,lhay2c@msn.com,13 Longview Drive,Minneapolis,MN,55441,166.251.94.217
86,Carlynn,Fearnyough,cfearnyough2d@google.fr,353 Melrose Crossing,Atlanta,GA,30323,133.205.190.138
87,Kevon,Howse,khowse2e@huffingtonpost.com,3 Kinsman Avenue,Springfield,OH,45505,236.158.29.94
88,Tobye,Burnsell,tburnsell2f@unc.edu,69239 Rockefeller Lane,Las Vegas,NV,89130,61.18.104.12
89,Jaymee,Tantrum,jtantrum2g@mit.edu,285 Morning Junction,Houston,TX,77005,232.99.104.78
90,Ermentrude,Itzkovwich,eitzkovwich2h@blogs.com,18211 Roth Hill,New York City,NY,10155,99.31.38.214
91,Honey,Simanenko,hsimanenko2i@booking.com,27568 Gina Point,Saint Paul,MN,55146,169.11.220.194
92,Jorry,Sidgwick,jsidgwick2j@vistaprint.com,19 Starling Court,Saint Louis,MO,63116,121.134.34.245
93,Stevena,Pennicard,spennicard2k@cdbaby.com,10 Eliot Alley,Los Angeles,CA,90065,75.117.212.208
94,Maitilde,Denton,mdenton2l@altervista.org,705 Caliangt Place,Bowie,MD,20719,15.31.146.67
95,Garald,De Carlo,gdecarlo2m@google.com.hk,5257 Derek Park,Sioux City,IA,51110,19.125.153.182
96,Dick,Blaker,dblaker2n@slashdot.org,10 Rowland Park,Redwood City,CA,94064,183.187.82.89
97,Marcile,Parradye,mparradye2o@de.vu,0496 Towne Terrace,Nashville,TN,37220,74.196.53.98
98,Cynde,Kiddie,ckiddie2p@typepad.com,262 Bellgrove Crossing,Miami,FL,33158,224.8.249.94
99,Felicio,Waywell,fwaywell2q@rediff.com,086 Meadow Valley Street,Orlando,FL,32819,251.86.135.188
100,Auguste,Livezley,alivezley2r@tamu.edu,6 High Crossing Parkway,Chicago,IL,60657,47.154.199.15
101,Franklin,Toland,ftoland2s@desdev.cn,743 Southridge Street,Texarkana,TX,75507,147.103.54.225
102,Norah,Toogood,ntoogood2t@netlog.com,49 Chinook Plaza,Dallas,TX,75216,254.154.164.83
103,Katie,Woodward,kwoodward2u@google.com.hk,26 Summit Circle,Denver,CO,80241,112.241.221.29
104,Garth,Kilroy,gkilroy2v@slate.com,9849 Mccormick Drive,Boise,ID,83757,153.59.249.249
105,Timmy,Cowerd,tcowerd2w@nymag.com,75998 Rowland Parkway,Portland,OR,97206,163.162.150.101
106,Jasen,Jesper,jjesper2x@surveymonkey.com,60895 Upham Parkway,Raleigh,NC,27658,208.120.63.55
107,Morty,Wyon,mwyon2y@creativecommons.org,2135 Hoffman Street,Charlotte,NC,28278,136.251.34.76
108,Batsheva,Hassekl,bhassekl2z@last.fm,6972 Evergreen Point,Cleveland,OH,44111,65.150.149.143
109,Shel,Grahlman,sgrahlman30@sogou.com,2016 Nova Lane,New Orleans,LA,70187,171.139.66.181
110,Minne,Bonsey,mbonsey31@fc2.com,70 Sage Street,Chicago,IL,60609,160.115.17.38
111,Coletta,Bayford,cbayford32@facebook.com,58 Lien Road,New Orleans,LA,70187,111.50.18.29
112,Maxy,Andreia,mandreia33@pbs.org,658 Alpine Park,Los Angeles,CA,90189,85.106.239.126
113,Reid,McGuff,rmcguff34@hhs.gov,22 Pennsylvania Junction,Fairfax,VA,22036,244.193.193.67
114,Jaye,Course,jcourse35@vistaprint.com,5834 Mcguire Junction,Tacoma,WA,98417,57.81.253.166
115,Goddart,Crunkhorn,gcrunkhorn36@dropbox.com,5561 Little Fleur Place,Wichita,KS,67215,13.150.143.192
116,Quint,Standley,qstandley37@sciencedaily.com,26 8th Crossing,Saint Petersburg,FL,33705,210.101.72.191
117,Hadlee,Alfonsetto,halfonsetto38@prnewswire.com,6308 Darwin Lane,Aurora,IL,60505,4.163.33.33
118,Inessa,Pieterick,ipieterick39@dion.ne.jp,43 Parkside Junction,Pensacola,FL,32511,65.117.62.246
119,Kelsey,Seefeldt,kseefeldt3a@cloudflare.com,15502 Sutherland Court,Independence,MO,64054,110.29.135.100
120,Antonetta,Josum,ajosum3b@addtoany.com,656 Manitowish Drive,Kansas City,MO,64114,2.114.160.154
121,Stesha,Vidyapin,svidyapin3c@sun.com,85804 Division Court,San Francisco,CA,94126,71.95.224.66
122,Waly,McGinty,wmcginty3d@biglobe.ne.jp,213 Petterle Hill,Orlando,FL,32885,199.185.206.84
123,Feliza,Jeayes,fjeayes3e@washingtonpost.com,80220 Scoville Drive,Kansas City,MO,64190,61.113.19.138
124,Glad,Grier,ggrier3f@123-reg.co.uk,6808 Linden Parkway,Detroit,MI,48242,131.119.74.33
125,Anton,Peasnone,apeasnone3g@sphinn.com,25395 Mifflin Crossing,Jamaica,NY,11480,112.224.85.237
126,Iolanthe,Pordall,ipordall3h@uol.com.br,74 Reindahl Drive,Washington,DC,20231,101.22.55.228
127,Marijo,Kauscher,mkauscher3i@earthlink.net,093 Sunfield Junction,Albuquerque,NM,87190,93.65.45.144
128,Josiah,Yearnsley,jyearnsley3j@privacy.gov.au,4225 Lunder Center,Memphis,TN,38188,214.173.219.21
129,Glyn,Mollen,gmollen3k@techcrunch.com,4642 Michigan Hill,Rochester,NY,14609,255.207.74.61
130,Putnem,Trengrouse,ptrengrouse3l@arstechnica.com,157 Melody Avenue,Boise,ID,83727,101.222.21.234
131,Miller,Kermath,mkermath3m@meetup.com,92 Sugar Road,Garden Grove,CA,92844,71.152.172.222
132,Hayes,Sterre,hsterre3n@discovery.com,945 Monument Park,Pittsburgh,PA,15205,211.18.52.47
133,Augy,Gerner,agerner3o@networksolutions.com,0 Bowman Center,Baton Rouge,LA,70805,91.170.32.114
134,Merrick,Choat,mchoat3p@loc.gov,6298 Shopko Circle,Fort Worth,TX,76115,166.84.2.246
135,Sydel,Schukert,sschukert3q@google.ca,2 Memorial Hill,Wichita,KS,67220,3.239.103.254
136,Norris,Winmill,nwinmill3r@thetimes.co.uk,3 Heffernan Point,Charlotte,NC,28272,173.52.54.246
137,Kennedy,Sagerson,ksagerson3s@yelp.com,48392 Ilene Drive,New Orleans,LA,70129,65.94.51.97
138,Randall,Wildt,rwildt3t@wp.com,10152 Kennedy Pass,Scottsdale,AZ,85255,226.98.134.199
139,Rustin,Exall,rexall3u@posterous.com,2420 Forest Circle,Fort Lauderdale,FL,33305,23.31.96.138
140,Cherye,Janiszewski,cjaniszewski3v@free.fr,49 Spaight Parkway,Philadelphia,PA,19196,251.211.225.204
141,Tarrance,Rollings,trollings3w@sciencedirect.com,33 International Point,Great Neck,NY,11024,54.60.6.86
142,Nicolle,Slowgrove,nslowgrove3x@telegraph.co.uk,7335 Loomis Point,Madison,WI,53779,145.245.122.232
143,Forest,Chooter,fchooter3y@uiuc.edu,9370 Knutson Drive,Seattle,WA,98115,173.184.172.37
144,Maudie,Torrisi,mtorrisi3z@amazon.co.jp,46679 Hoard Plaza,San Antonio,TX,78291,245.101.178.204
145,Kassia,Keling,kkeling40@last.fm,7816 Kropf Center,Fresno,CA,93704,16.57.118.0
146,Meredithe,Nodes,mnodes41@latimes.com,40065 Springview Circle,Fresno,CA,93786,123.72.177.176
147,Milton,Garrard,mgarrard42@twitpic.com,5893 Holmberg Center,Johnson City,TN,37605,190.107.139.40
148,Cathie,Shillabeer,cshillabeer43@paypal.com,7595 Ronald Regan Park,Rochester,NY,14614,250.200.180.155
149,Coletta,Karet,ckaret44@booking.com,67 Clemons Way,West Palm Beach,FL,33421,86.127.140.166
150,Murry,Benallack,mbenallack45@nhs.uk,66843 Spaight Terrace,Shawnee Mission,KS,66220,24.134.101.207
151,Lucky,Redhills,lredhills46@imgur.com,364 Summit Park,Jackson,MS,39210,33.32.169.171
152,Gretta,Ravilus,gravilus47@wordpress.com,2 Fairfield Park,Columbus,OH,43204,246.243.150.129
153,Elwin,Nottram,enottram48@weibo.com,2 Fordem Circle,San Jose,CA,95160,89.148.32.136
154,Tymon,Ellif,tellif49@com.com,8 Killdeer Lane,Birmingham,AL,35236,95.187.218.215
155,Coral,Bantham,cbantham4a@51.la,99527 Starling Parkway,Lubbock,TX,79405,15.211.127.74
156,Salli,Fenich,sfenich4b@cornell.edu,19 Knutson Point,Austin,TX,78703,72.67.225.162
157,Lisbeth,Gauvain,lgauvain4c@flickr.com,7 Colorado Avenue,Vienna,VA,22184,18.231.44.85
158,Regine,Lilliman,rlilliman4d@nasa.gov,54 Northport Point,Marietta,GA,30061,178.255.57.149
159,Leslie,Leyes,lleyes4e@myspace.com,22149 Veith Road,Miami Beach,FL,33141,130.30.233.212
160,Yolande,Zorzenoni,yzorzenoni4f@elegantthemes.com,099 Village Trail,New Orleans,LA,70129,128.89.48.181
161,Abagael,Gye,agye4g@yahoo.com,90 Troy Trail,Minneapolis,MN,55470,37.229.10.141
162,Jeane,Flewan,jflewan4h@godaddy.com,806 Waubesa Avenue,Billings,MT,59112,91.231.116.120
163,Annalise,Sirette,asirette4i@google.co.jp,5 Crowley Street,Bonita Springs,FL,34135,123.161.135.62
164,Feodora,Tomczak,ftomczak4j@yolasite.com,5 7th Point,Memphis,TN,38188,141.112.141.69
165,Gaven,Spencers,gspencers4k@loc.gov,85931 Stephen Terrace,Fort Smith,AR,72916,98.235.26.74
166,Odessa,Baggarley,obaggarley4l@hostgator.com,31280 Calypso Trail,New York City,NY,10120,191.87.171.152
167,Jamima,Noden,jnoden4m@flavors.me,0 Bluestem Place,Baton Rouge,LA,70820,64.145.215.7
168,Jerrine,Plewes,jplewes4n@mit.edu,9264 Donald Avenue,Clearwater,FL,34620,111.237.232.232
169,Delora,Clapson,dclapson4o@clickbank.net,2 Brickson Park Point,Cincinnati,OH,45296,27.230.40.246
170,Ashely,Barritt,abarritt4p@chicagotribune.com,6078 Kensington Drive,Salt Lake City,UT,84110,180.223.115.140
171,Beret,McWhorter,bmcwhorter4q@behance.net,89 1st Alley,Sioux Falls,SD,57198,135.11.173.139
172,Ronnie,Burbage,rburbage4r@craigslist.org,13 Grim Lane,Santa Barbara,CA,93150,224.89.231.175
173,Selle,Aleksidze,saleksidze4s@ask.com,4068 Sachs Road,Warren,MI,48092,167.5.112.226
174,Joane,Marten,jmarten4t@va.gov,88199 Lunder Parkway,Boston,MA,2109,49.198.227.38
175,Sandye,Minucci,sminucci4u@paginegialle.it,1 Dunning Lane,Van Nuys,CA,91499,71.187.201.155
176,Lindsay,Perigoe,lperigoe4v@dyndns.org,889 Fair Oaks Way,Des Moines,IA,50981,211.100.209.222
177,Donalt,Pringell,dpringell4w@oaic.gov.au,6770 Londonderry Place,Washington,DC,20535,186.75.23.97
178,Jermaine,Kopfen,jkopfen4x@shop-pro.jp,94329 Bultman Terrace,Washington,DC,20057,196.124.73.200
179,Kiri,Powelee,kpowelee4y@oaic.gov.au,2966 Lindbergh Alley,Lubbock,TX,79410,80.177.145.10
180,Chlo,Grimstead,cgrimstead4z@google.com.br,2382 Mosinee Hill,Tampa,FL,33686,51.25.158.89
181,Deck,Kalewe,dkalewe50@com.com,761 Tomscot Terrace,Shawnee Mission,KS,66220,27.162.94.87
182,Wileen,Skillings,wskillings51@illinois.edu,2402 Sutherland Court,Indianapolis,IN,46231,50.197.54.187
183,Grantham,Hirtzmann,ghirtzmann52@purevolume.com,77260 Roth Court,Salt Lake City,UT,84120,237.231.34.46
184,Judi,Berriman,jberriman53@chicagotribune.com,853 Mcbride Court,Oklahoma City,OK,73157,46.93.161.57
185,Chandra,Oldfield,coldfield54@unblog.fr,96878 Pearson Crossing,Minneapolis,MN,55423,181.239.90.63
186,Robyn,Boyan,rboyan55@seattletimes.com,8 Graedel Court,Miami,FL,33245,76.43.52.104
187,Brunhilde,Blose,bblose56@vimeo.com,4986 6th Hill,Hartford,CT,6160,126.155.33.225
188,Donica,Trees,dtrees57@canalblog.com,2840 Veith Hill,Santa Monica,CA,90405,30.145.196.159
189,Vaughn,Rutledge,vrutledge58@independent.co.uk,6 Fairfield Terrace,New York City,NY,10105,73.54.119.216
190,Rosemary,Hazeup,rhazeup59@unesco.org,2 Ronald Regan Drive,Phoenix,AZ,85030,83.232.137.105
191,Judy,Bratch,jbratch5a@boston.com,22833 Doe Crossing Road,Saint Paul,MN,55146,75.216.200.63
192,Crysta,Zettler,czettler5b@ameblo.jp,1874 Holmberg Alley,Baton Rouge,LA,70836,34.91.107.77
193,Hurleigh,Gossan,hgossan5c@sciencedirect.com,192 Iowa Circle,San Antonio,TX,78265,30.247.9.221
194,Brigida,Le Marchant,blemarchant5d@drupal.org,8546 Continental Avenue,Baltimore,MD,21281,213.140.182.164
195,Alysia,Schall,aschall5e@odnoklassniki.ru,84258 Hovde Way,Atlanta,GA,30368,9.110.148.8
196,Mendy,Chaney,mchaney5f@ed.gov,8474 Steensland Point,Indianapolis,IN,46202,195.93.129.211
197,Cyril,Eick,ceick5g@mayoclinic.com,64112 Schurz Drive,Louisville,KY,40287,176.153.248.82
198,Piper,Hincham,phincham5h@bigcartel.com,50473 Cody Park,Houston,TX,77266,15.65.78.206
199,Lanae,Julien,ljulien5i@theatlantic.com,10942 Gateway Junction,Sioux Falls,SD,57193,60.73.180.157
200,Pepita,Banghe,pbanghe5j@foxnews.com,0761 Saint Paul Point,Chicago,IL,60614,3.48.194.221
201,Danya,Beasant,dbeasant5k@artisteer.com,45 Eastwood Point,Houston,TX,77060,251.61.237.78
202,Dianna,Goudy,dgoudy5l@techcrunch.com,45 Northfield Street,Lake Charles,LA,70607,229.130.86.9
203,Berton,Noone,bnoone5m@imgur.com,5183 Lerdahl Trail,Edmond,OK,73034,221.228.43.192
204,Keary,Breeds,kbreeds5n@hud.gov,6094 Mayfield Circle,Saint Petersburg,FL,33715,139.191.129.55
205,Nani,Marion,nmarion5o@creativecommons.org,56863 Oak Parkway,San Jose,CA,95150,249.84.61.218
206,Garreth,Tilford,gtilford5p@seesaa.net,109 Fordem Drive,Houston,TX,77070,68.192.48.116
207,Bondon,Artz,bartz5q@quantcast.com,514 Ruskin Parkway,Las Vegas,NV,89150,207.66.49.248
208,Tasha,Calverd,tcalverd5r@usa.gov,303 Memorial Road,North Little Rock,AR,72118,209.150.118.123
209,Tina,Gatland,tgatland5s@ihg.com,8 Vernon Place,Shreveport,LA,71161,153.178.160.162
210,Charlot,Fidele,cfidele5t@fda.gov,8759 Green Ridge Street,San Jose,CA,95155,131.221.246.205
211,Darleen,Furminger,dfurminger5u@booking.com,479 Forster Parkway,Memphis,TN,38109,160.195.232.99
212,Harv,Danilchev,hdanilchev5v@vkontakte.ru,86810 Heath Hill,Rochester,NY,14652,46.173.165.149
213,Wallie,Riep,wriep5w@ebay.com,944 Lotheville Court,Houston,TX,77080,48.170.199.141
214,Chiarra,Gebbie,cgebbie5x@mapquest.com,5 Killdeer Plaza,Tulsa,OK,74126,66.215.87.52
215,Annie,Skayman,askayman5y@tinypic.com,61498 Manitowish Street,Miami,FL,33124,189.48.149.235
216,Bride,Manicomb,bmanicomb5z@wisc.edu,4011 Loomis Park,Galveston,TX,77554,36.225.127.244
217,Netta,Chafer,nchafer60@ehow.com,552 Marquette Way,Louisville,KY,40220,20.44.121.244
218,Jeremie,Earry,jearry61@usa.gov,5639 Stuart Circle,Saint Paul,MN,55108,49.86.70.129
219,Briggs,Giacubbo,bgiacubbo62@thetimes.co.uk,011 Merchant Junction,Green Bay,WI,54305,28.96.234.36
220,Sampson,Maddams,smaddams63@miitbeian.gov.cn,769 Corben Avenue,Fort Wayne,IN,46825,104.155.167.187
221,Saxe,Fallon,sfallon64@princeton.edu,84 Ilene Alley,Saint Louis,MO,63126,66.203.218.113
222,Audrey,Frandsen,afrandsen65@dagondesign.com,670 Eastwood Drive,Saint Paul,MN,55146,67.88.228.140
223,Melvyn,Spurdle,mspurdle66@twitpic.com,8 Ridgeway Point,Santa Ana,CA,92725,17.187.22.3
224,Killian,Coathup,kcoathup67@nifty.com,977 Michigan Place,Duluth,GA,30195,146.198.159.130
225,Pasquale,Licquorish,plicquorish68@lycos.com,8 Northridge Plaza,Clearwater,FL,34620,126.168.64.220
226,Giorgia,Standeven,gstandeven69@themeforest.net,4 Shelley Road,Columbia,SC,29240,31.190.166.154
227,Karoly,Barca,kbarca6a@cargocollective.com,5277 Declaration Court,Buffalo,NY,14233,54.200.34.223
228,Caldwell,Garstan,cgarstan6b@storify.com,4 Duke Crossing,Mobile,AL,36610,222.45.169.243
229,Sianna,Booley,sbooley6c@nhs.uk,7698 Express Street,Oklahoma City,OK,73109,61.13.241.109
230,Thorsten,Charsley,tcharsley6d@cyberchimps.com,64358 International Parkway,Columbus,GA,31914,8.104.209.241
231,Gillian,Broadhead,gbroadhead6e@craigslist.org,20 Nova Lane,Texarkana,TX,75507,244.73.111.54
232,Nicola,Andresser,nandresser6f@plala.or.jp,4269 Jay Park,Shreveport,LA,71161,5.133.132.48
233,Billy,Darycott,bdarycott6g@fema.gov,9570 Milwaukee Parkway,Sacramento,CA,95813,170.224.175.148
234,Gena,Gobel,ggobel6h@dot.gov,11448 Raven Lane,New York City,NY,10105,106.33.85.253
235,Berenice,Cowdry,bcowdry6i@hubpages.com,471 Transport Center,Philadelphia,PA,19151,130.50.146.46
236,Sosanna,Hancill,shancill6j@netlog.com,35140 Bartillon Avenue,Orange,CA,92862,170.24.253.7
237,Alexia,Kopisch,akopisch6k@yolasite.com,7 Laurel Lane,Ventura,CA,93005,232.173.211.219
238,Astrix,Wolters,awolters6l@businessweek.com,5314 Pepper Wood Lane,Philadelphia,PA,19160,23.169.135.92
239,Cayla,Bradburn,cbradburn6m@nasa.gov,0513 Holmberg Crossing,Seattle,WA,98127,168.53.115.202
240,Blair,Harbin,bharbin6n@census.gov,13 Melby Court,Homestead,FL,33034,31.140.23.13
241,Andras,Fife,afife6o@people.com.cn,5 Fremont Hill,Albuquerque,NM,87121,16.188.72.151
242,Bret,Cuttin,bcuttin6p@mashable.com,5276 Oxford Trail,Washington,DC,20029,237.187.230.91
243,Ileane,Glawsop,iglawsop6q@tmall.com,50 Mcbride Park,Montgomery,AL,36195,200.251.59.88
244,Keelia,Leggat,kleggat6r@ucoz.com,269 Lake View Drive,Las Vegas,NV,89160,97.23.89.115
245,Cecilia,Soall,csoall6s@earthlink.net,438 Burning Wood Center,Evansville,IN,47747,29.30.148.50
246,Gweneth,Titchard,gtitchard6t@ow.ly,76099 Buhler Pass,Washington,DC,20041,120.194.7.12
247,Tamra,Jobbins,tjobbins6u@mashable.com,73 Golden Leaf Drive,Los Angeles,CA,90071,200.36.143.194
248,Laurianne,Cardoso,lcardoso6v@army.mil,5483 Hovde Circle,West Hartford,CT,6127,112.191.81.247
249,Timmi,Groneway,tgroneway6w@fotki.com,8 Forest Run Park,Naples,FL,33961,45.13.142.87
250,Christy,Barcroft,cbarcroft6x@yandex.ru,3734 Gateway Way,Miami,FL,33180,108.197.111.237
251,Dalston,Yule,dyule6y@stumbleupon.com,7916 Doe Crossing Circle,Santa Ana,CA,92725,10.137.67.89
252,Dallas,Tinker,dtinker6z@cnbc.com,5 Reindahl Lane,Akron,OH,44329,49.217.101.118
253,Jacinta,Solley,jsolley70@imageshack.us,87548 Novick Center,Provo,UT,84605,25.83.20.211
254,Fionnula,McAndie,fmcandie71@techcrunch.com,211 Cardinal Trail,Sacramento,CA,95823,62.98.253.142
255,Roanna,Goldup,rgoldup72@joomla.org,014 Vermont Parkway,Richmond,VA,23242,27.9.66.254
256,Stefania,Shipley,sshipley73@wisc.edu,5859 Chinook Parkway,Henderson,NV,89012,172.236.119.110
257,Hank,Kiggel,hkiggel74@aol.com,8790 Iowa Hill,Detroit,MI,48206,138.247.238.253
258,Kirby,Klimushev,kklimushev75@loc.gov,48490 Schiller Lane,Tulsa,OK,74170,138.7.48.7
259,Lydie,Rowan,lrowan76@stanford.edu,31 Dixon Alley,Montgomery,AL,36119,30.194.21.72
260,Adiana,Abella,aabella77@wufoo.com,71652 Stang Place,Huntington,WV,25775,174.153.60.187
261,Faulkner,Battleson,fbattleson78@cbc.ca,72950 Tomscot Crossing,Cleveland,OH,44130,55.81.5.33
262,Margaretta,Baistow,mbaistow79@ucla.edu,6 Division Park,Columbia,MO,65218,12.211.138.193
263,Osbourne,Hofton,ohofton7a@wordpress.com,237 Sachtjen Avenue,Beaufort,SC,29905,253.137.132.237
264,Janel,Maides,jmaides7b@cloudflare.com,01 Oriole Avenue,Columbus,OH,43231,9.227.43.98
265,Loretta,Massy,lmassy7c@wikipedia.org,72210 Memorial Park,Minneapolis,MN,55487,73.173.35.183
266,Griffy,Cluckie,gcluckie7d@loc.gov,60771 Haas Center,Colorado Springs,CO,80915,223.255.47.208
267,Stanfield,Rainger,srainger7e@globo.com,868 Shoshone Circle,San Antonio,TX,78296,165.16.214.131
268,Goober,Blackstone,gblackstone7f@ebay.co.uk,10 Stang Point,Odessa,TX,79769,248.62.207.31
269,Therese,Stitwell,tstitwell7g@un.org,32138 Laurel Crossing,Birmingham,AL,35285,180.102.148.111
270,Novelia,Folkerts,nfolkerts7h@slashdot.org,2 Butternut Parkway,Canton,OH,44705,137.148.113.132
271,Giff,Ellingford,gellingford7i@netlog.com,420 Morningstar Crossing,El Paso,TX,88584,14.104.249.189
272,Lotte,Doolan,ldoolan7j@imgur.com,7502 Bluestem Street,Peoria,IL,61635,247.214.94.102
273,Erina,Parfett,eparfett7k@myspace.com,4 Talmadge Point,San Bernardino,CA,92410,63.193.17.67
274,Chas,Matelaitis,cmatelaitis7l@uol.com.br,10374 Graedel Avenue,Tampa,FL,33633,71.244.131.67
275,Cy,Cliss,ccliss7m@comsenz.com,65204 Muir Avenue,Anchorage,AK,99517,162.201.103.22
276,Salli,Hasell,shasell7n@craigslist.org,75 Nancy Way,Clearwater,FL,34629,210.37.56.33
277,Maggie,Gorringe,mgorringe7o@livejournal.com,15 Trailsway Lane,Reno,NV,89505,20.60.146.85
278,Tommy,Marishenko,tmarishenko7p@mediafire.com,76995 Ridgeway Parkway,Miami Beach,FL,33141,215.226.83.201
279,Phaidra,Armfield,parmfield7q@arstechnica.com,334 Monterey Crossing,Philadelphia,PA,19136,82.57.195.238
280,Elfrida,Scarse,escarse7r@sakura.ne.jp,9 Jenna Parkway,Birmingham,AL,35295,117.68.95.99
281,Karolina,Carmen,kcarmen7s@epa.gov,8321 Porter Hill,Henderson,NV,89074,135.247.151.233
282,Brenn,Morena,bmorena7t@google.com,220 Bartelt Drive,Charleston,WV,25321,25.115.230.181
283,Dino,Eldrid,deldrid7u@howstuffworks.com,09930 Sauthoff Park,Salt Lake City,UT,84152,232.70.33.121
284,Hamish,Northbridge,hnorthbridge7v@pcworld.com,45564 Karstens Park,Philadelphia,PA,19104,235.87.12.112
285,Bethanne,Glandon,bglandon7w@usda.gov,03596 Fair Oaks Way,Honolulu,HI,96820,23.95.166.46
286,Urbain,Episcopio,uepiscopio7x@ibm.com,15 Warner Terrace,Phoenix,AZ,85099,115.244.16.19
287,Alethea,Pacey,apacey7y@buzzfeed.com,65 Hazelcrest Trail,Hampton,VA,23663,200.111.170.64
288,Corine,Burgwin,cburgwin7z@ask.com,0 Bartillon Trail,Paterson,NJ,7544,170.1.121.109
289,Paul,Sogg,psogg80@addthis.com,439 Lien Way,Denver,CO,80255,23.65.61.53
290,Angelique,Canon,acanon81@un.org,70419 Saint Paul Court,Albany,NY,12232,132.16.168.29
291,Mikkel,Lanceley,mlanceley82@scientificamerican.com,1 Karstens Junction,Lubbock,TX,79405,197.135.167.4
292,Barth,Halifax,bhalifax83@gnu.org,45 Marquette Center,Charleston,SC,29416,225.41.148.87
293,Alma,Squeers,asqueers84@intel.com,2704 Pawling Trail,Bradenton,FL,34205,227.111.218.130
294,Blake,Hargess,bhargess85@sun.com,074 Granby Parkway,Colorado Springs,CO,80930,67.32.250.23
295,Kass,Nudd,knudd86@bloglovin.com,4599 Fair Oaks Circle,Washington,DC,20260,97.182.113.165
296,Mindy,Guerreau,mguerreau87@liveinternet.ru,6419 Crescent Oaks Point,Pittsburgh,PA,15230,242.84.190.120
297,Liliane,Govett,lgovett88@etsy.com,16 Bartelt Park,Fresno,CA,93715,231.44.166.104
298,Barnaby,Craney,bcraney89@bloglines.com,06 Holy Cross Junction,Santa Clara,CA,95054,21.45.24.237
299,Bobbie,Antonsson,bantonsson8a@tinypic.com,63591 Iowa Crossing,Pittsburgh,PA,15230,44.13.193.200
300,Benedicto,Anetts,banetts8b@aol.com,92715 Granby Point,Asheville,NC,28805,17.135.191.86
301,Royall,Gaynor,rgaynor8c@sbwire.com,952 Victoria Crossing,Prescott,AZ,86305,54.193.91.141
302,Lorrayne,Colleran,lcolleran8d@newsvine.com,9 Utah Place,San Diego,CA,92191,65.192.46.24
303,Rodd,Escoffier,rescoffier8e@topsy.com,1217 Hovde Pass,Brockton,MA,2405,165.206.201.40
304,Beth,Tampin,btampin8f@va.gov,701 Stang Junction,Youngstown,OH,44511,179.239.251.20
305,Iver,Loud,iloud8g@canalblog.com,39 Fulton Way,Wichita Falls,TX,76310,8.214.106.211
306,Shirlene,Isaacson,sisaacson8h@reddit.com,5 Debs Trail,Los Angeles,CA,90005,15.82.59.59
307,Prentice,Gallagher,pgallagher8i@ning.com,908 Lien Circle,Saint Louis,MO,63167,248.2.67.255
308,Sallie,Oxford,soxford8j@histats.com,410 Hansons Drive,Kent,WA,98042,222.218.214.50
309,Rosalie,Girdlestone,rgirdlestone8k@myspace.com,1134 Nelson Plaza,Washington,DC,20244,231.118.254.196
310,Tallie,Glison,tglison8l@miitbeian.gov.cn,9 Florence Place,Dayton,OH,45419,187.214.183.208
311,Jaquenette,Pocknell,jpocknell8m@boston.com,381 Farragut Parkway,Bakersfield,CA,93305,102.106.220.145
312,Dawn,Weatherby,dweatherby8n@mail.ru,6962 Tomscot Point,Salt Lake City,UT,84135,65.38.31.81
313,Vinnie,Delyth,vdelyth8o@toplist.cz,51101 Jenna Avenue,Fullerton,CA,92640,227.68.219.152
314,Teresa,Parriss,tparriss8p@wikia.com,032 Ronald Regan Park,Chico,CA,95973,234.21.38.85
315,Kim,Milton,kmilton8q@sohu.com,6060 Continental Avenue,Washington,DC,20299,98.226.182.223
316,Cass,Shillabeare,cshillabeare8r@ezinearticles.com,14288 Shasta Point,Mobile,AL,36689,19.6.238.159
317,Doralia,Dysert,ddysert8s@paginegialle.it,91 Morrow Parkway,Duluth,MN,55805,22.168.122.144
318,Amabel,Hagerty,ahagerty8t@people.com.cn,9087 Annamark Plaza,Port Charlotte,FL,33954,184.136.125.53
319,Juline,Brand-Hardy,jbrandhardy8u@blogtalkradio.com,73 Scott Place,Saint Augustine,FL,32092,113.179.68.97
320,Malinda,Coward,mcoward8v@constantcontact.com,17 Farragut Plaza,Washington,DC,20022,110.170.128.99
321,Glenn,Sturton,gsturton8w@blog.com,34 Moose Parkway,Aurora,CO,80044,25.222.80.221
322,Adrian,Basler,abasler8x@vinaora.com,30 Bayside Place,Houston,TX,77234,57.240.228.96
323,Elsworth,Castelow,ecastelow8y@facebook.com,38 Clyde Gallagher Drive,Colorado Springs,CO,80930,198.18.37.154
324,Bili,Hopfner,bhopfner8z@ebay.co.uk,0 5th Way,Birmingham,AL,35220,194.122.227.68
325,Neda,MacIlurick,nmacilurick90@sciencedaily.com,5 Blackbird Place,Philadelphia,PA,19136,18.14.88.70
326,Martynne,Lednor,mlednor91@senate.gov,54 Rigney Place,El Paso,TX,88574,189.142.107.28
327,Noah,Mackiewicz,nmackiewicz92@posterous.com,3 Bellgrove Park,New Orleans,LA,70149,234.123.16.4
328,Sonja,Salzen,ssalzen93@spiegel.de,222 Jenifer Circle,Oakland,CA,94605,248.201.255.208
329,Mellicent,Banbrigge,mbanbrigge94@nyu.edu,2619 Glacier Hill Court,Portsmouth,VA,23705,87.161.88.162
330,Ludwig,Carrabot,lcarrabot95@google.ca,728 Oakridge Court,Lakeland,FL,33811,135.196.47.173
331,Luke,Kerne,lkerne96@house.gov,063 Caliangt Center,Jamaica,NY,11407,43.136.182.169
332,Crysta,Salazar,csalazar97@skype.com,6859 Ridge Oak Center,Syracuse,NY,13217,255.103.146.6
333,Ramonda,Stanlock,rstanlock98@cpanel.net,2 International Crossing,Albuquerque,NM,87121,226.98.230.142
334,Allayne,Ryle,aryle99@wikispaces.com,45984 Farragut Parkway,Tulsa,OK,74133,134.124.4.45
335,Wesley,Drover,wdrover9a@vimeo.com,68574 Amoth Plaza,Fort Worth,TX,76178,199.107.63.169
336,Philip,Doylend,pdoylend9b@slate.com,1055 Raven Parkway,Norfolk,VA,23509,34.118.170.171
337,Lennard,Merwe,lmerwe9c@slashdot.org,0900 Brickson Park Circle,Tacoma,WA,98442,221.143.83.31
338,Fletcher,Patience,fpatience9d@odnoklassniki.ru,61922 Merry Road,Fort Smith,AR,72905,136.79.106.23
339,Barron,Garrity,bgarrity9e@kickstarter.com,11965 Colorado Alley,Mesquite,TX,75185,239.231.26.126
340,Tiffy,Kildale,tkildale9f@scientificamerican.com,0096 Fallview Lane,Odessa,TX,79764,200.9.12.62
341,Gerek,Klossek,gklossek9g@twitpic.com,58 Eastlawn Lane,Boise,ID,83716,108.198.133.144
342,Maddi,Stratton,mstratton9h@icio.us,2840 Evergreen Hill,Des Moines,IA,50347,163.88.38.74
343,Woodie,Cleyne,wcleyne9i@paypal.com,3 Service Alley,Las Vegas,NV,89155,78.42.65.39
344,Mickey,Gaish,mgaish9j@mysql.com,762 Stone Corner Avenue,Colorado Springs,CO,80910,94.199.120.171
345,Bond,Edworthy,bedworthy9k@columbia.edu,314 Butterfield Alley,Metairie,LA,70033,250.1.97.22
346,Merell,Zorn,mzorn9l@oracle.com,19 Basil Hill,Washington,DC,20530,16.229.82.187
347,Sarajane,Jagoe,sjagoe9m@hhs.gov,7667 Mcbride Parkway,Chattanooga,TN,37405,173.214.254.237
348,Audrye,Jopson,ajopson9n@dmoz.org,59 Cardinal Plaza,Round Rock,TX,78682,214.20.165.94
349,Marcie,Datte,mdatte9o@netscape.com,7 Manley Hill,Mobile,AL,36670,150.232.251.115
350,Katie,Grahamslaw,kgrahamslaw9p@edublogs.org,4989 Springs Circle,Charleston,SC,29411,240.139.245.199
351,Alistair,Lugden,alugden9q@discuz.net,9609 Lindbergh Avenue,Houston,TX,77085,226.3.249.201
352,Liva,Buttriss,lbuttriss9r@accuweather.com,02661 Northland Avenue,El Paso,TX,88574,9.181.62.63
353,Juline,Gotfrey,jgotfrey9s@freewebs.com,7 Manufacturers Hill,Brooklyn,NY,11241,234.81.213.57
354,Bertie,Elsey,belsey9t@cmu.edu,332 Upham Place,Charlotte,NC,28263,84.182.10.107
355,Erena,Chaudrelle,echaudrelle9u@imgur.com,7 Esch Place,Melbourne,FL,32941,15.162.83.50
356,Hercule,Markl,hmarkl9v@ustream.tv,93 Autumn Leaf Point,Wichita,KS,67220,172.243.253.249
357,Nat,Canet,ncanet9w@google.ca,796 Cambridge Alley,Pensacola,FL,32511,228.109.160.124
358,Finn,Desseine,fdesseine9x@slashdot.org,9975 Acker Hill,Englewood,CO,80150,58.222.87.146
359,Lesley,Clementucci,lclementucci9y@bluehost.com,842 Monica Way,Springfield,IL,62705,37.165.47.195
360,Kally,L' Anglois,klanglois9z@epa.gov,0 Nelson Trail,Concord,CA,94522,2.225.186.120
361,Thomasina,McGlue,tmcgluea0@harvard.edu,844 Memorial Lane,Murfreesboro,TN,37131,139.217.231.139
362,Torie,Ingerith,tingeritha1@sfgate.com,5267 Oneill Way,Monticello,MN,55565,220.206.184.193
363,Sanders,Maha,smahaa2@booking.com,9738 Kennedy Point,Lincoln,NE,68531,16.110.173.47
364,Marmaduke,Eberlein,meberleina3@cnbc.com,8935 Shopko Point,Toledo,OH,43656,207.107.192.40
365,Teena,Walkington,twalkingtona4@cyberchimps.com,1086 Nevada Lane,Charleston,WV,25356,145.216.78.78
366,Wyndham,Teers,wteersa5@oracle.com,3 Larry Park,Topeka,KS,66622,241.26.220.7
367,Yulma,Spencers,yspencersa6@blogger.com,1707 Lakeland Road,Baton Rouge,LA,70820,29.108.193.43
368,Leonerd,Dufaire,ldufairea7@pen.io,39 Glendale Trail,Saint Louis,MO,63131,139.31.99.185
369,Lyn,Broader,lbroadera8@psu.edu,5240 Boyd Place,New York City,NY,10004,109.124.234.13
370,Lacey,St. Leger,lstlegera9@yandex.ru,04226 Tennyson Parkway,Birmingham,AL,35220,0.39.117.16
371,Sammie,McAdam,smcadamaa@youtu.be,08843 Sunfield Place,Chattanooga,TN,37450,46.94.191.160
372,Hollis,Kennham,hkennhamab@addthis.com,4218 Ridgeway Court,Pasadena,CA,91186,232.67.93.205
373,Fletch,Clooney,fclooneyac@topsy.com,9452 Oriole Alley,New Haven,CT,6538,96.228.99.63
374,Jacinthe,Aberhart,jaberhartad@hostgator.com,53023 Sunfield Pass,Sparks,NV,89436,76.133.4.216
375,Rufus,Whetland,rwhetlandae@omniture.com,119 Welch Hill,Fort Worth,TX,76147,90.73.104.193
376,Averell,Wilman,awilmanaf@squarespace.com,93489 Hermina Center,Meridian,MS,39305,222.117.117.207
377,Tonnie,Holston,tholstonag@rakuten.co.jp,32864 Rowland Plaza,Schenectady,NY,12305,200.4.82.186
378,Ginnifer,Tuohy,gtuohyah@blog.com,26 Melrose Court,Austin,TX,78710,65.220.65.85
379,Coleman,Pepler,cpeplerai@wix.com,777 Holmberg Place,San Diego,CA,92160,228.211.158.236
380,Bucky,McKeand,bmckeandaj@cdbaby.com,4 Hauk Avenue,Denver,CO,80209,4.131.1.34
381,Franni,Paoletto,fpaolettoak@ustream.tv,013 Del Sol Center,Kansas City,MO,64149,146.171.42.2
382,Irita,Buske,ibuskeal@accuweather.com,49 Esch Pass,Saint Louis,MO,63169,130.162.124.137
383,Kristi,Jakubiak,kjakubiakam@tinyurl.com,423 Sutteridge Park,Philadelphia,PA,19125,172.128.219.78
384,Ber,Simakov,bsimakovan@amazon.co.jp,9 Gateway Parkway,Detroit,MI,48206,178.188.139.53
385,Coralyn,De la Barre,cdelabarreao@addtoany.com,9445 Starling Park,Gatesville,TX,76598,41.244.62.248
386,Ewen,Horry,ehorryap@g.co,90 Dottie Court,Topeka,KS,66642,72.204.83.255
387,Irena,Sterrick,isterrickaq@meetup.com,02392 Lotheville Trail,San Diego,CA,92145,69.251.101.125
388,Brynna,Jeckells,bjeckellsar@hatena.ne.jp,21830 Homewood Crossing,Orange,CA,92867,208.80.40.30
389,Julius,Braitling,jbraitlingas@qq.com,4499 Forster Drive,Baltimore,MD,21229,98.44.81.198
390,Karoly,Cacacie,kcacacieat@bloglines.com,18 Barnett Parkway,Wilmington,DE,19810,56.114.180.144
391,Franciska,Le Fleming,fleflemingau@about.me,425 Spenser Lane,Evansville,IN,47705,78.40.129.32
392,Sidonnie,Gillbard,sgillbardav@mit.edu,874 Pleasure Crossing,El Paso,TX,88574,68.250.105.82
393,Arnuad,Smitheman,asmithemanaw@cargocollective.com,9 Annamark Court,San Diego,CA,92105,113.254.211.40
394,Milzie,Patrickson,mpatricksonax@lulu.com,357 Little Fleur Hill,Las Vegas,NV,89145,136.83.240.158
395,Teddie,Matthewson,tmatthewsonay@privacy.gov.au,159 Paget Lane,San Antonio,TX,78250,166.173.49.139
396,Humbert,Dorro,hdorroaz@ustream.tv,5613 Walton Avenue,Seattle,WA,98148,158.228.19.225
397,Seka,Copland,scoplandb0@dell.com,50783 Harbort Crossing,Chicago,IL,60686,231.210.108.20
398,Patrizio,Crawley,pcrawleyb1@icio.us,33 Mosinee Alley,Inglewood,CA,90305,61.184.32.120
399,Bendite,Gascone,bgasconeb2@mtv.com,113 Fulton Circle,Escondido,CA,92030,31.70.161.141
400,Doralynn,Chadderton,dchaddertonb3@sitemeter.com,1947 Eggendart Park,Houston,TX,77015,128.67.67.58
401,Mirabel,Ivashev,mivashevb4@tamu.edu,86 Mcguire Junction,Flint,MI,48505,237.219.48.203
402,Antonio,Fargher,afargherb5@spiegel.de,37662 Larry Pass,El Paso,TX,88558,147.252.41.188
403,Ricard,Kent,rkentb6@ihg.com,47 Welch Center,Kansas City,MO,64130,163.57.17.189
404,Janeva,MacRanald,jmacranaldb7@ocn.ne.jp,5 Arrowood Pass,Wilmington,DE,19810,4.228.50.11
405,Whitney,Spittal,wspittalb8@unc.edu,6566 Pine View Crossing,Spokane,WA,99252,87.61.230.77
406,Moe,Copnall,mcopnallb9@ifeng.com,54 Barnett Pass,Lees Summit,MO,64082,58.114.155.9
407,Raddy,Lerwell,rlerwellba@uiuc.edu,6497 Bartelt Pass,Knoxville,TN,37995,255.17.125.163
408,Anna-maria,Denis,adenisbb@guardian.co.uk,73261 Banding Court,Tucson,AZ,85748,239.227.240.242
409,Modesta,Samme,msammebc@springer.com,04729 Hauk Alley,Appleton,WI,54915,222.92.58.128
410,Eula,McIlraith,emcilraithbd@yelp.com,95 Butternut Pass,Monticello,MN,55585,59.142.150.20
411,Chandra,Overshott,covershottbe@umich.edu,01 Cherokee Park,Bakersfield,CA,93305,21.117.249.129
412,Buddie,Manass,bmanassbf@fastcompany.com,4 Donald Place,Akron,OH,44393,53.11.240.31
413,Grannie,Mohun,gmohunbg@webeden.co.uk,79 Sherman Plaza,Los Angeles,CA,90030,26.218.237.138
414,Darline,Shearwood,dshearwoodbh@behance.net,0 Armistice Road,Texarkana,TX,75507,46.80.222.168
415,Tuck,Vuittet,tvuittetbi@naver.com,099 4th Terrace,San Diego,CA,92196,42.1.4.214
416,Muriel,Longhi,mlonghibj@squarespace.com,243 Larry Lane,Houston,TX,77060,218.163.119.3
417,Jackie,Plaistowe,jplaistowebk@amazon.co.uk,1642 Sheridan Parkway,Baltimore,MD,21275,209.49.19.10
418,Merill,Kubas,mkubasbl@oakley.com,5561 Bluestem Hill,Austin,TX,78759,172.154.116.136
419,Gabrielle,Werner,gwernerbm@indiatimes.com,6 Dapin Circle,Fresno,CA,93726,44.198.105.210
420,Norman,Lethebridge,nlethebridgebn@reference.com,9137 Anzinger Point,Savannah,GA,31422,10.45.33.238
421,Leah,Bloyes,lbloyesbo@youtu.be,02 Basil Plaza,Corpus Christi,TX,78470,102.182.54.23
422,Rafaela,Teodoro,rteodorobp@wisc.edu,76509 Trailsway Center,Lubbock,TX,79405,172.112.89.79
423,Patsy,Duckers,pduckersbq@opensource.org,6 American Ash Trail,Brooklyn,NY,11231,198.185.88.228
424,Rosie,Surmon,rsurmonbr@nature.com,85419 Sauthoff Place,Scranton,PA,18514,244.132.131.41
425,Lacy,Feld,lfeldbs@bloglines.com,6 Dwight Terrace,Valdosta,GA,31605,170.133.230.159
426,Ilsa,O'Bradane,iobradanebt@tuttocitta.it,24313 Valley Edge Lane,Reno,NV,89595,56.163.239.200
427,Fabe,Puddle,fpuddlebu@sfgate.com,7474 Burning Wood Court,Washington,DC,20220,246.193.108.72
428,Franz,Barnshaw,fbarnshawbv@blogspot.com,6 West Way,Hot Springs National Park,AR,71914,175.145.107.46
429,Nataline,Shird,nshirdbw@google.com.au,4683 Chive Trail,Trenton,NJ,8603,53.43.157.245
430,Gerianne,Penwarden,gpenwardenbx@apple.com,6383 Waywood Park,Washington,DC,20551,0.124.52.165
431,Patricio,Hordell,phordellby@yellowbook.com,0 Northland Pass,Louisville,KY,40220,40.74.217.97
432,Brooks,Imrie,bimriebz@gnu.org,87 Maple Pass,Grand Forks,ND,58207,214.169.126.69
433,Joyous,Mazzia,jmazziac0@alibaba.com,30303 Oriole Circle,Orlando,FL,32808,53.165.237.230
434,Arleyne,Jewks,ajewksc1@google.de,9 Spohn Street,Anaheim,CA,92805,82.236.130.198
435,Clarke,Kingsland,ckingslandc2@wikia.com,874 Summer Ridge Place,Las Vegas,NV,89193,214.15.78.229
436,Audrye,Wemes,awemesc3@msn.com,3083 Farmco Road,Chicago,IL,60636,212.200.76.156
437,Idette,Garrold,igarroldc4@domainmarket.com,83 Badeau Drive,Miami,FL,33245,221.176.250.132
438,Trudey,MacCleay,tmaccleayc5@gov.uk,81 Menomonie Road,Arlington,TX,76016,50.238.215.234
439,Morrie,Woodall,mwoodallc6@flickr.com,7 Center Road,Houston,TX,77025,101.68.93.37
440,Aldo,Idell,aidellc7@narod.ru,67115 Randy Place,Cape Coral,FL,33915,161.173.206.26
441,Sergeant,Spray,ssprayc8@yellowpages.com,97404 Melvin Drive,Anniston,AL,36205,251.32.233.188
442,Renard,Greenset,rgreensetc9@china.com.cn,826 Westridge Trail,Louisville,KY,40287,19.86.201.165
443,Early,Crowth,ecrowthca@xinhuanet.com,2 Marcy Lane,San Diego,CA,92186,167.192.159.127
444,Simone,Dourin,sdourincb@51.la,666 Londonderry Way,Tampa,FL,33615,115.215.206.163
445,Nolly,Jeakins,njeakinscc@imdb.com,45 Rieder Drive,Milwaukee,WI,53234,212.219.166.130
446,Gabbi,Robinette,grobinettecd@eventbrite.com,15 4th Point,Albany,NY,12205,113.151.26.148
447,Guthry,Toller,gtollerce@howstuffworks.com,8 Kinsman Circle,Milwaukee,WI,53210,64.106.238.134
448,Stanislas,La Torre,slatorrecf@tinyurl.com,649 Bartelt Circle,Juneau,AK,99812,130.198.221.1
449,Wallis,Klaussen,wklaussencg@cocolog-nifty.com,53411 Sauthoff Terrace,Madison,WI,53785,57.42.51.161
450,Mauricio,Burdus,mburdusch@google.cn,32165 Armistice Hill,Tampa,FL,33615,253.155.239.247
451,Arch,Tagg,ataggci@merriam-webster.com,5 Dryden Circle,Silver Spring,MD,20918,71.149.58.152
452,Norbie,Pletts,nplettscj@loc.gov,15 Dunning Junction,Fort Worth,TX,76198,162.50.210.96
453,Brien,Exton,bextonck@bbb.org,403 Ludington Avenue,Boca Raton,FL,33499,194.10.109.156
454,Barbey,Hinkens,bhinkenscl@slate.com,3 Maywood Terrace,Stockton,CA,95205,29.104.80.72
455,Florie,Donnan,fdonnancm@google.com.au,69 7th Junction,San Antonio,TX,78225,79.19.55.177
456,Storm,Routhorn,srouthorncn@google.ca,4 Brickson Park Street,Toledo,OH,43656,7.241.233.195
457,Willy,Vevers,wveversco@posterous.com,41580 Armistice Parkway,Miami,FL,33180,55.148.96.138
458,Aprilette,Rotter,arottercp@narod.ru,4014 1st Crossing,Raleigh,NC,27615,254.27.1.217
459,Billye,Balle,bballecq@wp.com,05227 Golf View Parkway,Colorado Springs,CO,80951,210.160.200.211
460,Titos,Madill,tmadillcr@hibu.com,8537 Glendale Center,Washington,DC,20057,179.238.227.67
461,Frans,Cassley,fcassleycs@dropbox.com,7 Artisan Parkway,Alexandria,VA,22313,43.120.194.229
462,Coreen,Tesyro,ctesyroct@thetimes.co.uk,17 Merry Plaza,Hollywood,FL,33023,197.176.211.35
463,Drusilla,Trude,dtrudecu@ycombinator.com,58841 Merry Terrace,Springfield,MA,1152,215.111.122.128
464,Gareth,Saiz,gsaizcv@sitemeter.com,57522 Mcguire Park,Littleton,CO,80127,185.140.42.112
465,Niko,Aronow,naronowcw@bbc.co.uk,1 Lawn Lane,San Bernardino,CA,92410,147.186.213.138
466,Mikaela,Doctor,mdoctorcx@nyu.edu,87189 Crowley Lane,Kingsport,TN,37665,113.13.128.199
467,Minnaminnie,Abella,mabellacy@netvibes.com,8 Hansons Point,Albany,NY,12205,196.214.233.51
468,Anthiathia,Kanwell,akanwellcz@webs.com,0 Harper Lane,Orlando,FL,32859,98.228.82.123
469,Mendie,Eaglesham,meagleshamd0@google.com.hk,829 Saint Paul Court,Hialeah,FL,33013,18.58.59.250
470,Pauly,Hannah,phannahd1@gnu.org,72 Pawling Plaza,Huntington Beach,CA,92648,178.227.84.201
471,Emma,Painswick,epainswickd2@cam.ac.uk,2 Florence Park,Shreveport,LA,71137,14.210.252.149
472,Dasha,Davenport,ddavenportd3@nifty.com,37 Oak Valley Center,New Haven,CT,6505,53.30.159.23
473,Gilli,Benedicto,gbenedictod4@shareasale.com,711 Manley Terrace,North Hollywood,CA,91606,169.179.63.100
474,Deloria,OIlier,doilierd5@narod.ru,7 Upham Terrace,Tacoma,WA,98424,238.207.189.230
475,Sibyl,Oby,sobyd6@yale.edu,5705 Harper Junction,Philadelphia,PA,19184,240.172.235.63
476,Paolo,Troman,ptromand7@wikimedia.org,90460 Bunker Hill Plaza,Bronx,NY,10459,193.24.167.45
477,Lita,Maddin,lmaddind8@xing.com,925 Coolidge Trail,Wilmington,NC,28405,112.35.125.113
478,Griffie,Berringer,gberringerd9@ameblo.jp,1663 Northview Alley,Des Moines,IA,50335,128.186.110.192
479,Holly,Halsall,hhalsallda@google.fr,460 Montana Pass,Saint Petersburg,FL,33737,38.195.176.89
480,Heinrick,Empleton,hempletondb@salon.com,8 Cottonwood Road,Washington,DC,20380,34.53.133.195
481,Kathlin,Rivitt,krivittdc@netscape.com,94737 Lighthouse Bay Center,Pittsburgh,PA,15255,126.85.106.134
482,Danit,Orange,dorangedd@dropbox.com,297 Lien Crossing,Sacramento,CA,95813,74.59.232.92
483,Tuck,Hencke,thenckede@buzzfeed.com,2 Hagan Alley,Akron,OH,44329,142.26.119.53
484,Prentiss,Thorneley,pthorneleydf@themeforest.net,17 Kingsford Circle,Wichita Falls,TX,76305,117.181.76.157
485,Alair,Conroy,aconroydg@jimdo.com,8767 Bunker Hill Circle,Arlington,VA,22212,136.197.20.39
486,Carmelia,Abramovici,cabramovicidh@facebook.com,70 Manitowish Drive,New York City,NY,10155,152.59.231.36
487,Agneta,Mullineux,amullineuxdi@archive.org,14 Troy Circle,San Mateo,CA,94405,220.221.15.40
488,Laverna,Ducrow,lducrowdj@webnode.com,26 Rieder Pass,Southfield,MI,48076,8.13.193.193
489,Cheston,Buzine,cbuzinedk@woothemes.com,328 Fisk Point,Billings,MT,59112,77.137.92.30
490,Cheryl,Gauchier,cgauchierdl@ftc.gov,7891 Roxbury Lane,Kansas City,MO,64199,236.9.150.199
491,Waldon,Indge,windgedm@constantcontact.com,82937 Melody Point,Portland,OR,97240,68.247.16.64
492,Carolyn,Rediers,crediersdn@jigsy.com,73 Northport Lane,San Antonio,TX,78285,34.164.190.152
493,Ellerey,Tambling,etamblingdo@tripadvisor.com,22 Kropf Pass,Appleton,WI,54915,90.188.124.251
494,Darb,Stading,dstadingdp@craigslist.org,9691 Nevada Crossing,New Orleans,LA,70142,235.35.38.107
495,Linet,Jannequin,ljannequindq@last.fm,1 Mesta Pass,Canton,OH,44710,187.119.172.135
496,Silvan,Mobbs,smobbsdr@house.gov,29607 Summerview Junction,New York City,NY,10150,67.157.201.247
497,Renado,Beebe,rbeebeds@cnn.com,1297 Banding Place,Gatesville,TX,76598,81.229.91.164
498,Pearline,Collie,pcolliedt@ifeng.com,87 Brown Center,Plano,TX,75074,159.98.60.244
499,Seana,Tillot,stillotdu@nih.gov,6185 Westport Junction,Oakland,CA,94611,107.199.99.16
500,Griffith,Vinton,gvintondv@nifty.com,00 Texas Place,Jacksonville,FL,32204,165.188.171.132
501,Bealle,Stimpson,bstimpsondw@creativecommons.org,132 Moland Plaza,Amarillo,TX,79105,166.165.198.37
502,Karlotte,Butterly,kbutterlydx@tuttocitta.it,03 Stoughton Point,Reading,PA,19605,230.98.198.241
503,Wallie,Orniz,wornizdy@lycos.com,676 David Junction,Denton,TX,76210,182.254.255.58
504,Milli,Gartrell,mgartrelldz@whitehouse.gov,54 Sherman Terrace,Littleton,CO,80127,99.57.255.86
505,Sawyere,Labin,slabine0@omniture.com,21 Sycamore Avenue,Albuquerque,NM,87140,182.135.85.175
506,Ernie,Androletti,eandrolettie1@princeton.edu,60 Grayhawk Street,Shawnee Mission,KS,66286,246.177.150.82
507,Meir,Rallings,mrallingse2@odnoklassniki.ru,9010 Saint Paul Street,North Hollywood,CA,91606,165.72.185.3
508,Shirline,Ferencz,sferencze3@digg.com,608 Waywood Avenue,Jackson,MS,39296,107.159.204.152
509,Julianne,Doers,jdoerse4@cyberchimps.com,04180 Independence Lane,San Jose,CA,95133,62.101.215.106
510,Dion,Sloam,dsloame5@mashable.com,1 La Follette Way,Huntington Beach,CA,92648,150.169.141.158
511,Konstantine,Piche,kpichee6@surveymonkey.com,6 Hovde Place,San Jose,CA,95160,119.167.182.177
512,Erny,Riseborough,eriseboroughe7@surveymonkey.com,7 Old Gate Crossing,Detroit,MI,48242,136.215.165.165
513,Dell,Hussey,dhusseye8@timesonline.co.uk,338 Schmedeman Point,Washington,DC,20205,84.239.202.216
514,Bink,Albone,balbonee9@seattletimes.com,7105 Eastwood Place,Newark,NJ,7104,5.70.38.9
515,Carolann,Giddins,cgiddinsea@xinhuanet.com,6833 Ridgeway Hill,Lafayette,IN,47905,141.109.206.77
516,Tatum,Donati,tdonatieb@goo.ne.jp,310 Hanover Hill,Spokane,WA,99215,45.155.218.179
517,Lilli,Imos,limosec@ucoz.ru,32 Buell Place,Fresno,CA,93740,12.131.81.143
518,Ariella,Raff,araffed@thetimes.co.uk,6012 Carioca Pass,Huntington,WV,25711,233.9.235.161
519,Osborne,Ridgeway,oridgewayee@1688.com,35 Old Gate Center,Richmond,VA,23203,188.67.115.54
520,Hamil,Bockmaster,hbockmasteref@imgur.com,1731 Caliangt Avenue,Hollywood,FL,33023,96.103.235.172
521,Tilly,MacKeeg,tmackeegeg@adobe.com,4891 Oriole Trail,Panama City,FL,32405,191.1.61.175
522,Brunhilda,Candie,bcandieeh@delicious.com,398 Lyons Lane,Charlottesville,VA,22903,143.186.201.18
523,Urson,Galier,ugalierei@addtoany.com,691 6th Lane,Spokane,WA,99252,246.84.165.154
524,Skippie,Keigher,skeigherej@netvibes.com,5732 Rusk Crossing,Raleigh,NC,27621,89.169.188.140
525,Elysee,Picford,epicfordek@mediafire.com,459 Hollow Ridge Circle,Denver,CO,80217,10.3.142.127
526,Chancey,Beaves,cbeavesel@indiegogo.com,942 Knutson Crossing,Los Angeles,CA,90025,112.98.120.116
527,Leighton,Tabbernor,ltabbernorem@unblog.fr,9871 Division Way,Fresno,CA,93726,13.84.131.52
528,Timothea,Foxwell,tfoxwellen@imdb.com,39 Porter Parkway,Denver,CO,80228,74.210.71.23
529,Kirk,Cloutt,kcloutteo@biglobe.ne.jp,53806 Lerdahl Alley,El Paso,TX,88569,188.154.183.143
530,Prue,Warre,pwarreep@washingtonpost.com,8158 Lerdahl Road,Madison,WI,53790,253.127.98.128
531,Garv,Cormack,gcormackeq@aol.com,6 Lotheville Park,Fort Smith,AR,72916,8.133.135.182
532,Kay,Youings,kyouingser@sourceforge.net,9042 Ohio Park,Fullerton,CA,92640,88.53.147.252
533,Ira,McNeice,imcneicees@wired.com,99 Redwing Trail,Palo Alto,CA,94302,122.95.158.123
534,Nicolina,Thorold,nthoroldet@hexun.com,350 Morningstar Trail,Orange,CA,92867,139.131.141.217
535,Jaymee,Becraft,jbecrafteu@4shared.com,2 Clyde Gallagher Hill,Springfield,MA,1114,180.10.59.50
536,Anet,Spiring,aspiringev@ftc.gov,57203 Elgar Court,Billings,MT,59112,89.160.222.114
537,Raimundo,Munn,rmunnew@alexa.com,02892 Vernon Point,Memphis,TN,38197,93.223.59.249
538,Randee,Cradoc,rcradocex@wikimedia.org,4088 Westridge Trail,Philadelphia,PA,19146,79.247.161.27
539,Thomas,Blenkhorn,tblenkhorney@marriott.com,856 Pierstorff Road,Phoenix,AZ,85045,23.89.152.25
540,Jake,Boice,jboiceez@webeden.co.uk,15815 Texas Lane,San Francisco,CA,94147,36.202.195.234
541,Gloriane,Forlong,gforlongf0@redcross.org,8279 East Park,New Hyde Park,NY,11044,209.252.76.201
542,Corabelle,Domelaw,cdomelawf1@moonfruit.com,4616 Park Meadow Street,Arlington,TX,76011,124.19.218.153
543,Chicky,Falconar,cfalconarf2@flickr.com,2910 Express Drive,Saint Cloud,MN,56398,249.174.252.18
544,Berni,Djordjevic,bdjordjevicf3@about.me,4 Melody Circle,Madison,WI,53705,9.9.162.63
545,Jerrylee,Pearne,jpearnef4@mac.com,3060 Meadow Vale Pass,Charlotte,NC,28256,56.216.204.36
546,Tammara,Leavy,tleavyf5@dmoz.org,1 Autumn Leaf Drive,Mesa,AZ,85205,99.145.105.12
547,Osgood,Hassent,ohassentf6@bigcartel.com,399 Lighthouse Bay Plaza,Wilmington,DE,19897,143.44.119.53
548,Rozalin,O'Downe,rodownef7@xrea.com,7684 Tennyson Crossing,Spokane,WA,99205,101.188.14.167
549,Rollo,Sweetman,rsweetmanf8@forbes.com,8 Arapahoe Point,Sacramento,CA,95894,85.180.99.178
550,Chrissie,Gosland,cgoslandf9@elegantthemes.com,46487 Golf View Circle,Las Cruces,NM,88006,141.30.51.210
551,Hulda,Strowan,hstrowanfa@symantec.com,524 Vahlen Avenue,Buffalo,NY,14276,206.145.116.109
552,Bard,Casetta,bcasettafb@gmpg.org,8 Stoughton Lane,Van Nuys,CA,91406,54.28.75.111
553,Urbano,Saban,usabanfc@mlb.com,44570 Clemons Center,Scottsdale,AZ,85260,190.138.70.64
554,Nariko,Curtiss,ncurtissfd@hud.gov,1 Shoshone Hill,Fort Pierce,FL,34949,236.225.85.183
555,Constantino,Rosentholer,crosentholerfe@vimeo.com,72 Melvin Trail,Harrisburg,PA,17121,2.74.95.70
556,Helli,Gent,hgentff@rediff.com,42 Portage Lane,Burbank,CA,91505,51.119.173.59
557,Jen,Vibert,jvibertfg@blogs.com,9294 Moose Avenue,Grand Forks,ND,58207,247.132.56.145
558,Had,Espasa,hespasafh@virginia.edu,12 Marquette Parkway,Chicago,IL,60619,152.185.118.143
559,Austin,Farnes,afarnesfi@unc.edu,65102 Loeprich Place,Yonkers,NY,10705,35.200.164.150
560,Sisile,Sixsmith,ssixsmithfj@homestead.com,865 Crownhardt Lane,Chicago,IL,60624,177.126.183.54
561,Salaidh,Wildash,swildashfk@storify.com,18 Anderson Parkway,Anchorage,AK,99599,7.199.230.133
562,Loleta,Fraine,lfrainefl@cbslocal.com,35526 Nobel Way,Cleveland,OH,44191,199.189.238.185
563,Erasmus,Clinch,eclinchfm@dell.com,85975 Larry Center,Fort Worth,TX,76105,102.100.61.38
564,Sallyanne,Rolingson,srolingsonfn@biblegateway.com,73123 Huxley Point,Louisville,KY,40280,167.121.27.154
565,Elwyn,Copin,ecopinfo@upenn.edu,81 Heath Point,Tyler,TX,75710,10.71.189.97
566,Nickolai,Scarth,nscarthfp@guardian.co.uk,612 Annamark Pass,Stamford,CT,6912,152.82.126.216
567,Sadie,Dunmuir,sdunmuirfq@wikia.com,8362 Cascade Terrace,Birmingham,AL,35210,247.225.43.226
568,Chaddy,Terrelly,cterrellyfr@alibaba.com,4 Farmco Crossing,Lake Worth,FL,33462,242.16.229.23
569,Norman,Clackson,nclacksonfs@mediafire.com,02 Glacier Hill Alley,Gainesville,FL,32605,180.237.34.158
570,Tremayne,Halfacree,thalfacreeft@drupal.org,6414 Northridge Street,Peoria,IL,61605,34.246.133.135
571,Constantine,Klousner,cklousnerfu@tmall.com,0481 Lakewood Gardens Place,Silver Spring,MD,20910,239.84.113.180
572,Gordon,Delatour,gdelatourfv@php.net,78 Lakeland Parkway,Aurora,IL,60505,3.239.162.181
573,Minni,St Quenin,mstqueninfw@imdb.com,152 Steensland Drive,Seattle,WA,98175,217.243.172.141
574,Marissa,Showen,mshowenfx@yale.edu,2 Eggendart Way,Jersey City,NJ,7305,19.74.56.235
575,Jen,Screen,jscreenfy@ca.gov,560 Darwin Point,Winston Salem,NC,27116,147.227.231.73
576,Ailee,Esser,aesserfz@princeton.edu,6 Eagle Crest Center,El Paso,TX,88525,227.64.69.105
577,Corrina,Ducarne,cducarneg0@example.com,6304 Lindbergh Center,Omaha,NE,68105,186.225.69.33
578,Scarface,Pawson,spawsong1@techcrunch.com,3 Debs Crossing,Sacramento,CA,94207,36.63.3.78
579,Ethan,Faulder,efaulderg2@sitemeter.com,7 Debs Lane,Stamford,CT,6912,8.254.57.179
580,Constantia,Tejero,ctejerog3@so-net.ne.jp,7110 Lakeland Trail,Kansas City,MO,64160,69.130.185.134
581,Anneliese,Clarkin,aclarking4@nbcnews.com,5149 Surrey Alley,El Paso,TX,79905,121.8.78.214
582,Valeria,Mechic,vmechicg5@usa.gov,76386 Shopko Street,Tampa,FL,33605,68.26.213.242
583,Kessiah,Thireau,kthireaug6@disqus.com,69404 Northwestern Point,Topeka,KS,66667,119.226.43.40
584,Kristopher,Aurelius,kaureliusg7@nbcnews.com,996 Susan Lane,Warren,OH,44485,228.47.89.189
585,Steve,Fowle,sfowleg8@omniture.com,6 Memorial Crossing,Los Angeles,CA,90055,148.229.30.147
586,Lanae,Faloon,lfaloong9@usa.gov,7 Russell Parkway,Kansas City,MO,64190,254.201.18.141
587,Francois,Belison,fbelisonga@hubpages.com,76 Basil Parkway,Fort Smith,AR,72905,1.45.127.128
588,Christabella,De Simoni,cdesimonigb@odnoklassniki.ru,886 Summer Ridge Plaza,Dallas,TX,75221,189.191.195.66
589,Joni,Simmings,jsimmingsgc@seesaa.net,23 Holmberg Terrace,Des Moines,IA,50335,75.29.23.130
590,Park,Strowther,pstrowthergd@zdnet.com,32682 Crescent Oaks Park,Miami,FL,33261,228.77.114.25
591,Edmund,Domonkos,edomonkosge@china.com.cn,4465 Cottonwood Street,Terre Haute,IN,47805,65.206.159.152
592,Domingo,Merrick,dmerrickgf@nbcnews.com,1643 Pawling Junction,Houston,TX,77055,72.162.143.5
593,Hillel,St. Paul,hstpaulgg@army.mil,35 Upham Parkway,Tampa,FL,33673,194.158.238.216
594,Monique,Brise,mbrisegh@youku.com,5 Mariners Cove Circle,Laredo,TX,78044,216.41.255.80
595,Claudelle,Meffin,cmeffingi@sogou.com,09 Oneill Parkway,Glendale,CA,91210,219.210.215.201
596,Obadiah,Arens,oarensgj@spiegel.de,4452 Green Ridge Trail,White Plains,NY,10633,19.139.252.136
597,Cristen,Petrillo,cpetrillogk@ucoz.com,22326 Sachs Court,Nashville,TN,37245,93.241.184.35
598,Lotta,Forkan,lforkangl@arstechnica.com,530 Knutson Lane,Colorado Springs,CO,80905,69.94.217.154
599,Vivienne,Lechelle,vlechellegm@wikia.com,45471 Sage Place,Seattle,WA,98127,11.38.164.214
600,Charley,Mc Combe,cmccombegn@rambler.ru,15428 Mitchell Trail,Philadelphia,PA,19136,132.236.100.43
601,Judi,Yurchenko,jyurchenkogo@telegraph.co.uk,8 Calypso Road,Washington,DC,20041,91.220.82.142
602,Matilda,Burde,mburdegp@dmoz.org,956 Oak Park,Tucson,AZ,85743,110.103.241.81
603,Akim,Mosedale,amosedalegq@clickbank.net,47 Bobwhite Way,Columbus,OH,43268,153.37.173.15
604,Ches,Elkin,celkingr@smh.com.au,09 Burning Wood Pass,Saint Augustine,FL,32092,15.162.198.233
605,Angeline,Rackley,arackleygs@bravesites.com,62375 Doe Crossing Parkway,Louisville,KY,40298,63.9.48.23
606,Randa,Lightowler,rlightowlergt@skype.com,73 Forster Junction,New York City,NY,10034,234.147.86.72
607,Charita,Roadnight,croadnightgu@comcast.net,3 Dovetail Circle,Philadelphia,PA,19160,120.170.185.131
608,Carlyn,Jewsbury,cjewsburygv@china.com.cn,99336 Mcbride Trail,Boise,ID,83711,217.56.85.183
609,Queenie,Allabarton,qallabartongw@ovh.net,23 Sherman Hill,Hattiesburg,MS,39404,86.47.156.185
610,Rollie,Gallichan,rgallichangx@github.com,9 Hagan Terrace,San Francisco,CA,94116,233.58.71.90
611,Christie,Yakuntzov,cyakuntzovgy@mayoclinic.com,6 Mifflin Terrace,Detroit,MI,48224,52.132.83.44
612,Maryanne,Lindman,mlindmangz@freewebs.com,3870 Monument Hill,Longview,TX,75605,2.237.23.72
613,Grete,Beattie,gbeattieh0@pagesperso-orange.fr,50 Starling Avenue,Augusta,GA,30905,217.4.36.187
614,David,Wakes,dwakesh1@spotify.com,791 Sage Drive,Crawfordsville,IN,47937,221.197.241.231
615,Javier,Petworth,jpetworthh2@wp.com,771 Sundown Parkway,Philadelphia,PA,19120,79.141.48.224
616,Lulita,Wildash,lwildashh3@shutterfly.com,98 Holmberg Way,Boise,ID,83727,98.195.127.30
617,Alister,McNabb,amcnabbh4@sogou.com,021 Katie Street,Akron,OH,44329,50.41.134.168
618,Jenny,Crummey,jcrummeyh5@mtv.com,22496 Bobwhite Road,Oklahoma City,OK,73173,26.169.230.133
619,Deonne,D'Onise,ddoniseh6@utexas.edu,9673 Bay Plaza,Denver,CO,80223,184.174.202.87
620,Rodolph,Goodbar,rgoodbarh7@freewebs.com,64 Evergreen Terrace,Philadelphia,PA,19125,104.53.160.214
621,Jerad,Doghartie,jdoghartieh8@upenn.edu,3 Dovetail Court,Duluth,MN,55805,217.31.78.99
622,Benita,Sugg,bsuggh9@wsj.com,37183 Hanson Trail,Sterling,VA,20167,16.240.136.104
623,Katee,Hundall,khundallha@phoca.cz,7732 Grover Circle,Richmond,VA,23213,183.163.125.95
624,Arturo,Wilford,awilfordhb@sciencedaily.com,5369 Dakota Drive,Trenton,NJ,8650,177.63.103.32
625,Lazare,Dutt,ldutthc@shutterfly.com,62 Hoepker Avenue,Wichita Falls,TX,76305,255.105.145.95
626,Henri,Caress,hcaresshd@altervista.org,0 Gulseth Junction,Dallas,TX,75260,18.64.102.10
627,Frederik,Sunderland,fsunderlandhe@usa.gov,8724 Algoma Center,Bronx,NY,10474,104.213.137.48
628,Nealy,Currell,ncurrellhf@youtube.com,20 Farragut Trail,El Paso,TX,88553,75.24.224.165
629,Rockwell,Tebbit,rtebbithg@simplemachines.org,659 Independence Road,Boston,MA,2124,146.134.223.154
630,Marabel,Guiness,mguinesshh@cnbc.com,2 Green Alley,Sacramento,CA,94230,185.222.74.106
631,Floyd,Foxall,ffoxallhi@wisc.edu,8088 Tomscot Road,Springfield,VA,22156,138.89.193.139
632,Roby,Chillingsworth,rchillingsworthhj@technorati.com,61642 Acker Hill,Arlington,TX,76096,124.2.79.254
633,Averell,Spall,aspallhk@4shared.com,4 Waxwing Point,Raleigh,NC,27690,178.144.2.144
634,Pammy,Larive,plarivehl@state.tx.us,30 Hallows Junction,Phoenix,AZ,85025,205.195.0.214
635,Temp,Catford,tcatfordhm@exblog.jp,6 Bartillon Alley,Bridgeport,CT,6673,129.194.190.177
636,Catarina,Vedenichev,cvedenichevhn@bizjournals.com,007 Artisan Pass,Orlando,FL,32825,74.126.201.152
637,Laurens,Mead,lmeadho@wunderground.com,77254 Alpine Parkway,Seattle,WA,98127,180.181.150.36
638,Barde,Wodham,bwodhamhp@apple.com,403 Lakewood Trail,Allentown,PA,18105,70.104.57.58
639,Roseanne,Sambells,rsambellshq@bizjournals.com,18 John Wall Circle,Saint Louis,MO,63196,203.33.25.249
640,Ave,Augustin,aaugustinhr@yellowpages.com,453 Fieldstone Lane,Los Angeles,CA,90101,179.88.42.98
641,Kimbell,Saill,ksaillhs@oaic.gov.au,00 Kim Center,Jacksonville,FL,32277,232.246.216.39
642,Marina,Lindberg,mlindberght@tamu.edu,04108 Calypso Pass,Birmingham,AL,35285,63.140.180.183
643,Bruno,Handscombe,bhandscombehu@ucsd.edu,027 Maywood Plaza,Sacramento,CA,95894,51.132.208.3
644,Joell,Lennard,jlennardhv@accuweather.com,8716 Melvin Way,Albuquerque,NM,87195,78.24.49.193
645,Anthony,Latta,alattahw@dagondesign.com,3 Lakewood Gardens Court,Tacoma,WA,98442,53.173.173.31
646,Flossie,Oseland,foselandhx@fc2.com,9665 Glacier Hill Circle,Littleton,CO,80127,178.206.127.41
647,Lucienne,Thorsen,lthorsenhy@prnewswire.com,5275 Ridgeway Center,Washington,DC,20022,38.58.23.36
648,Cairistiona,Melladew,cmelladewhz@wordpress.com,28 Ramsey Court,Chattanooga,TN,37416,24.67.192.103
649,Bucky,Fetherston,bfetherstoni0@wsj.com,5871 Vidon Trail,Pittsburgh,PA,15250,92.49.148.210
650,Corbin,Cusiter,ccusiteri1@samsung.com,26 Golf View Junction,Raleigh,NC,27621,79.211.68.80
651,Raphael,Bozward,rbozwardi2@trellian.com,875 Village Green Lane,New York City,NY,10175,202.31.188.250
652,Giuditta,Schrei,gschreii3@free.fr,61 Shelley Junction,El Paso,TX,79977,38.218.123.232
653,Kristy,Shelvey,kshelveyi4@utexas.edu,608 Forster Street,Palatine,IL,60078,143.7.47.100
654,Zelda,Bellanger,zbellangeri5@weebly.com,431 Pine View Place,Brooklyn,NY,11231,69.231.61.51
655,Briano,Vasilyonok,bvasilyonoki6@desdev.cn,775 Di Loreto Circle,Ann Arbor,MI,48107,77.136.126.237
656,Caryl,Pencost,cpencosti7@hud.gov,7121 Warner Parkway,El Paso,TX,88579,127.127.160.174
657,Hortensia,Davioud,hdavioudi8@fc2.com,54 Meadow Ridge Trail,El Paso,TX,88584,42.106.77.156
658,Trumaine,Exon,texoni9@wordpress.org,527 Gerald Crossing,Fort Pierce,FL,34981,49.230.177.133
659,Mellisent,Laurenson,mlaurensonia@msu.edu,67 Rowland Park,Pittsburgh,PA,15261,72.154.174.147
660,Augustina,Phlipon,aphliponib@phpbb.com,6 Utah Point,Roanoke,VA,24040,139.31.102.19
661,Hirsch,Whyborne,hwhyborneic@usa.gov,8 American Circle,Terre Haute,IN,47812,219.62.36.18
662,Gretel,Spittall,gspittallid@ebay.com,613 Red Cloud Alley,Memphis,TN,38181,233.92.50.7
663,Ian,Thireau,ithireauie@japanpost.jp,3 Lake View Park,Atlanta,GA,30356,215.21.98.161
664,Gerianne,Lerigo,glerigoif@blog.com,191 Northland Junction,Washington,DC,20425,134.230.73.163
665,Keri,Turtle,kturtleig@google.it,4 Caliangt Alley,Grand Rapids,MI,49518,71.47.51.11
666,Lucretia,Gorick,lgorickih@google.com,01718 Dottie Plaza,San Diego,CA,92105,136.131.158.97
667,Wynny,Perkins,wperkinsii@xinhuanet.com,88 Dawn Junction,Salt Lake City,UT,84145,178.140.185.110
668,Flora,Kelbie,fkelbieij@walmart.com,0079 Caliangt Road,Durham,NC,27710,51.129.90.140
669,Dodi,Rawcliffe,drawcliffeik@state.tx.us,0651 Luster Street,Moreno Valley,CA,92555,17.235.198.132
670,Anallese,Lockyear,alockyearil@hatena.ne.jp,6828 Summit Road,Newton,MA,2162,255.81.93.26
671,Allene,Beat,abeatim@constantcontact.com,721 Sutteridge Center,Clearwater,FL,34615,148.97.175.224
672,Shay,McKniely,smcknielyin@usda.gov,70012 Longview Pass,Flushing,NY,11388,113.221.123.101
673,Iago,Kermott,ikermottio@gmpg.org,75 Sachs Pass,Charlotte,NC,28215,163.30.23.226
674,Gris,Gartshore,ggartshoreip@163.com,31 Ruskin Court,Katy,TX,77493,152.226.64.166
675,Arlyne,Orkney,aorkneyiq@odnoklassniki.ru,43 Huxley Trail,Tacoma,WA,98481,204.79.41.182
676,Yancey,Hedan,yhedanir@dion.ne.jp,3 Schmedeman Court,Wilmington,DE,19892,129.192.210.72
677,Cecilius,Danniell,cdanniellis@ycombinator.com,1 Pankratz Junction,Boston,MA,2109,51.107.17.59
678,Fleurette,Dowbekin,fdowbekinit@ucsd.edu,50 Katie Circle,Orlando,FL,32835,176.185.174.26
679,Nettie,Brimelow,nbrimelowiu@omniture.com,16228 Clarendon Place,Peoria,IL,61640,101.151.139.233
680,Paolina,Medcalfe,pmedcalfeiv@exblog.jp,6 Onsgard Way,San Francisco,CA,94177,181.52.191.36
681,Kaile,Cardoe,kcardoeiw@cbsnews.com,7840 Armistice Way,Memphis,TN,38126,43.245.178.104
682,Malynda,Yoakley,myoakleyix@surveymonkey.com,697 Sycamore Junction,Springfield,IL,62776,69.180.11.23
683,Donnajean,Lindbergh,dlindberghiy@soup.io,769 Ludington Way,Toledo,OH,43699,99.224.14.22
684,Arron,MacKibbon,amackibboniz@reuters.com,2 Springs Plaza,Louisville,KY,40298,13.126.109.93
685,Emmott,Hogbin,ehogbinj0@usgs.gov,0 Glacier Hill Terrace,Largo,FL,33777,161.123.107.127
686,Erhart,Millins,emillinsj1@w3.org,1 Mariners Cove Drive,Detroit,MI,48295,213.230.182.238
687,Maje,Chattaway,mchattawayj2@amazon.co.uk,6586 Waubesa Hill,Omaha,NE,68134,125.149.88.22
688,Siobhan,Kelloch,skellochj3@people.com.cn,859 Glacier Hill Street,El Paso,TX,79955,183.24.119.103
689,Moreen,Westwick,mwestwickj4@bandcamp.com,54601 Loomis Place,Miami Beach,FL,33141,82.204.172.228
690,Mahmoud,Pashba,mpashbaj5@webeden.co.uk,5 Barnett Road,Harrisburg,PA,17105,216.203.226.34
691,Maisie,Mawne,mmawnej6@spiegel.de,292 Corry Drive,Buffalo,NY,14276,194.117.186.237
692,Marlon,Ambrogioli,mambrogiolij7@purevolume.com,10 Meadow Vale Plaza,Lakewood,WA,98498,237.72.166.214
693,Davon,Albrook,dalbrookj8@dot.gov,0 Pleasure Pass,Youngstown,OH,44555,153.159.9.104
694,Casar,Tummons,ctummonsj9@blinklist.com,47184 Bellgrove Circle,Tulsa,OK,74108,250.241.179.6
695,Sibeal,Hamnet,shamnetja@opensource.org,461 Hazelcrest Avenue,Kansas City,MO,64187,108.87.122.67
696,Shandy,Jeanneau,sjeanneaujb@loc.gov,8 Comanche Trail,Saint Cloud,MN,56372,190.223.193.170
697,Nye,Waddams,nwaddamsjc@yolasite.com,67 Northwestern Crossing,Silver Spring,MD,20910,98.137.104.186
698,Rockey,Gruby,rgrubyjd@timesonline.co.uk,20 Hallows Circle,Houston,TX,77260,160.135.78.73
699,Aimil,Keene,akeeneje@unesco.org,8722 Jenifer Terrace,Washington,DC,20088,203.115.136.189
700,Toni,Todman,ttodmanjf@qq.com,7 Amoth Parkway,Tacoma,WA,98417,161.230.247.9
701,Zacharias,Lathleiffure,zlathleiffurejg@macromedia.com,89 Havey Lane,Columbia,SC,29225,230.17.78.83
702,Ainsley,Finnis,afinnisjh@amazon.co.uk,20 Farwell Center,Spokane,WA,99260,117.86.13.106
703,Ailina,Salvatore,asalvatoreji@vistaprint.com,792 Granby Place,Vienna,VA,22184,135.151.252.247
704,Mariya,Mather,mmatherjj@nationalgeographic.com,69 Melody Lane,Roanoke,VA,24040,138.237.149.127
705,Maurizio,Goodbarne,mgoodbarnejk@csmonitor.com,2417 Comanche Court,Pasadena,CA,91117,24.134.87.154
706,Bronson,Fairlie,bfairliejl@google.co.uk,52 Becker Street,Ashburn,VA,22093,23.69.42.140
707,Lethia,Ballance,lballancejm@icq.com,5866 Manitowish Circle,Orlando,FL,32819,38.102.129.160
708,Rosa,Higgonet,rhiggonetjn@discuz.net,32 Dwight Park,Charlotte,NC,28230,86.143.197.118
709,Jewel,Borham,jborhamjo@e-recht24.de,4702 American Circle,Charlotte,NC,28278,25.133.6.170
710,Ami,Muggleston,amugglestonjp@jigsy.com,476 Pearson Way,New York City,NY,10131,135.163.91.6
711,Derrik,Jagg,djaggjq@reddit.com,220 Fulton Circle,Phoenix,AZ,85030,195.140.188.255
712,Dorian,Elford,delfordjr@indiegogo.com,14422 Amoth Circle,Saint Paul,MN,55115,177.0.173.48
713,Emlynne,Flannigan,eflanniganjs@apple.com,26519 Waubesa Terrace,Durham,NC,27717,88.163.138.167
714,Rolf,Mycroft,rmycroftjt@arstechnica.com,048 Fuller Circle,Anchorage,AK,99522,54.234.23.65
715,Krishnah,Ossipenko,kossipenkoju@people.com.cn,8263 Bluestem Parkway,Bradenton,FL,34210,129.187.173.77
716,Bird,Carrane,bcarranejv@sun.com,52 Golden Leaf Point,Cleveland,OH,44185,2.231.55.49
717,Pearce,Sitch,psitchjw@wsj.com,53985 Esker Point,Palatine,IL,60078,213.111.216.37
718,Caldwell,Chislett,cchislettjx@usa.gov,41265 Badeau Crossing,Hampton,VA,23663,238.177.6.41
719,Levi,Ramsier,lramsierjy@latimes.com,00559 Daystar Hill,Sunnyvale,CA,94089,158.247.45.169
720,Karola,Gagan,kgaganjz@jalbum.net,47004 Meadow Vale Drive,Little Rock,AR,72231,48.111.242.177
721,Suellen,Peatman,speatmank0@bizjournals.com,245 Cascade Alley,South Bend,IN,46699,106.129.143.200
722,Audre,Ansteys,aansteysk1@godaddy.com,012 Charing Cross Parkway,Tacoma,WA,98411,6.24.27.26
723,Keane,Gommowe,kgommowek2@springer.com,9049 Merry Road,Spokane,WA,99220,115.6.136.12
724,Cassy,Poundesford,cpoundesfordk3@odnoklassniki.ru,50 Fordem Trail,Houston,TX,77010,101.10.173.106
725,Berny,Mindenhall,bmindenhallk4@twitter.com,082 Golden Leaf Center,Washington,DC,20051,228.95.43.116
726,Rollins,Bradder,rbradderk5@moonfruit.com,70419 Shoshone Road,Sarasota,FL,34233,192.247.62.142
727,Terese,Addenbrooke,taddenbrookek6@skyrock.com,5024 Delaware Drive,Pittsburgh,PA,15274,76.131.138.75
728,Bearnard,Amis,bamisk7@blogspot.com,832 Buell Road,Decatur,GA,30033,17.253.226.217
729,Xavier,Douthwaite,xdouthwaitek8@nhs.uk,75305 Farwell Street,El Paso,TX,79923,164.158.194.195
730,Somerset,Lahive,slahivek9@china.com.cn,8 Wayridge Junction,New York City,NY,10019,241.126.232.155
731,Lonna,L'Homme,llhommeka@friendfeed.com,84 Sauthoff Avenue,New Orleans,LA,70165,47.244.47.183
732,Christal,de Chastelain,cdechastelainkb@spiegel.de,88 Calypso Way,Atlanta,GA,30380,190.20.100.87
733,Aurlie,Andreassen,aandreassenkc@odnoklassniki.ru,2107 Jay Road,Denver,CO,80223,99.59.173.130
734,Siffre,Hardwich,shardwichkd@cargocollective.com,90 Saint Paul Parkway,San Francisco,CA,94142,5.59.227.209
735,Karita,Waleran,kwaleranke@hexun.com,41 Warbler Pass,Washington,DC,20591,193.34.115.139
736,Codie,Draycott,cdraycottkf@cpanel.net,923 Hoepker Avenue,Little Rock,AR,72204,56.245.2.37
737,Lezley,Linster,llinsterkg@hhs.gov,0 Village Terrace,Lansing,MI,48912,48.254.31.6
738,Lura,Davidow,ldavidowkh@smugmug.com,59776 8th Circle,San Luis Obispo,CA,93407,101.115.65.194
739,Cletus,Woolens,cwoolenski@rediff.com,230 Shasta Lane,Louisville,KY,40298,68.43.194.136
740,Fabien,Goodoune,fgoodounekj@prlog.org,98090 Clove Place,Washington,DC,20551,45.204.72.32
741,Vassily,Newens,vnewenskk@ebay.com,70761 Dapin Lane,Waco,TX,76705,171.118.93.3
742,Kayley,McKennan,kmckennankl@topsy.com,7 Vernon Drive,Greensboro,NC,27455,1.195.210.101
743,Laura,Cornilli,lcornillikm@msn.com,3 Duke Point,Huntington Beach,CA,92648,200.88.223.217
744,Lionello,McNamara,lmcnamarakn@gov.uk,9 Becker Drive,El Paso,TX,79955,159.160.226.79
745,Carroll,Warke,cwarkeko@creativecommons.org,755 Glendale Way,Cambridge,MA,2142,23.204.32.91
746,Jean,Southeran,jsoutherankp@columbia.edu,60881 Sunbrook Avenue,New Castle,PA,16107,138.60.252.246
747,Papagena,Heaffey,pheaffeykq@umich.edu,4180 Hoepker Park,Katy,TX,77493,20.163.140.128
748,Weylin,MacDermand,wmacdermandkr@istockphoto.com,60716 Hoffman Plaza,Pittsburgh,PA,15240,155.108.60.67
749,Ashley,Sirman,asirmanks@va.gov,4896 Forster Point,Woburn,MA,1813,142.61.13.57
750,Orren,Pietrowicz,opietrowiczkt@nationalgeographic.com,917 Sunbrook Street,New Haven,CT,6520,235.34.53.39
751,Bobbie,Koppens,bkoppensku@rakuten.co.jp,00789 Hallows Hill,Riverside,CA,92513,65.243.207.14
752,Doy,Luckings,dluckingskv@ask.com,09 Warrior Junction,Odessa,TX,79764,171.146.83.20
753,Dare,Adamides,dadamideskw@webmd.com,4028 Barby Point,Springfield,MA,1105,232.64.23.181
754,Livvyy,Gobert,lgobertkx@sakura.ne.jp,9334 Summit Court,Tempe,AZ,85284,239.34.46.19
755,Almira,Olley,aolleyky@intel.com,1 Fremont Pass,Hagerstown,MD,21747,37.151.201.170
756,Ibby,Bines,ibineskz@sfgate.com,87038 Spohn Court,Tulsa,OK,74141,31.225.223.141
757,Dosi,Litster,dlitsterl0@npr.org,95 Manufacturers Point,Johnstown,PA,15906,157.236.1.199
758,Maurits,Havvock,mhavvockl1@tripod.com,592 Monica Road,Tampa,FL,33686,239.163.164.185
759,Jeremias,Drinkel,jdrinkell2@ocn.ne.jp,905 Tony Way,Columbus,GA,31914,221.167.117.115
760,Kristien,Hobbing,khobbingl3@imdb.com,5 Aberg Drive,Kansas City,MO,64149,114.180.146.47
761,Trent,Brooks,tbrooksl4@ocn.ne.jp,926 High Crossing Pass,Englewood,CO,80150,115.86.192.48
762,Janeen,Windebank,jwindebankl5@yahoo.com,210 Becker Avenue,Kansas City,MO,64114,57.97.229.66
763,Margarete,Dobel,mdobell6@newsvine.com,4694 Bartelt Center,Santa Ana,CA,92705,95.214.131.115
764,Charlean,Layus,clayusl7@instagram.com,3898 Vahlen Way,Norfolk,VA,23551,115.36.124.40
765,Solomon,McAster,smcasterl8@shop-pro.jp,6820 Reinke Drive,Memphis,TN,38143,220.144.250.199
766,Any,Taverner,atavernerl9@usgs.gov,4 Canary Way,Atlanta,GA,31119,183.152.197.73
767,Dougie,Middler,dmiddlerla@businessweek.com,771 Algoma Junction,Wichita,KS,67205,198.1.55.219
768,Jacobo,Nordass,jnordasslb@blogger.com,27816 Mesta Alley,Reno,NV,89505,166.129.140.89
769,Ludvig,Sakins,lsakinslc@mail.ru,79 Bluejay Terrace,Santa Barbara,CA,93150,111.24.181.14
770,Garwin,Tullett,gtullettld@google.fr,05872 Burning Wood Plaza,San Francisco,CA,94142,193.249.254.216
771,Fredia,Garraway,fgarrawayle@reference.com,107 Vernon Drive,Atlanta,GA,30301,158.224.126.193
772,Haily,Butt,hbuttlf@apache.org,40 Southridge Avenue,Long Beach,CA,90805,122.209.253.189
773,Rachael,Wagerfield,rwagerfieldlg@de.vu,28 Fuller Place,New York City,NY,10155,49.0.12.203
774,Delia,Haldane,dhaldanelh@imageshack.us,16107 Sycamore Crossing,Sacramento,CA,95828,164.106.154.197
775,Stevie,MacCurlye,smaccurlyeli@jigsy.com,72172 Comanche Junction,Birmingham,AL,35295,179.130.231.62
776,Leelah,Syrett,lsyrettlj@hatena.ne.jp,42 Sundown Terrace,Birmingham,AL,35220,60.160.201.102
777,Manny,Touhig,mtouhiglk@indiegogo.com,1840 Clemons Center,Washington,DC,20525,71.19.200.97
778,Arden,Gillease,agilleasell@opera.com,66671 Kropf Crossing,Missoula,MT,59806,245.245.171.165
779,Courtnay,Dunsire,cdunsirelm@geocities.com,16 Atwood Lane,Houston,TX,77271,208.3.120.239
780,Baily,McCotter,bmccotterln@symantec.com,212 Stang Hill,Greensboro,NC,27499,66.11.172.226
781,Pierson,Mashal,pmashallo@vimeo.com,679 Hermina Crossing,Amarillo,TX,79159,193.210.246.92
782,Florida,Gudyer,fgudyerlp@webmd.com,3 Dixon Hill,Fullerton,CA,92640,137.113.126.43
783,Royal,Dutch,rdutchlq@who.int,2281 Portage Hill,Lexington,KY,40581,48.119.50.65
784,Werner,Haliday,whalidaylr@soup.io,19542 Dahle Place,Chicago,IL,60641,88.194.183.118
785,Meghann,Betancourt,mbetancourtls@earthlink.net,87 Cody Pass,Buffalo,NY,14225,2.0.56.250
786,Layla,Jemison,ljemisonlt@google.ru,07 Pennsylvania Junction,Washington,DC,20205,210.150.85.225
787,Barn,Conigsby,bconigsbylu@usgs.gov,54 Katie Alley,New York City,NY,10175,199.32.48.200
788,Madlen,Brownsworth,mbrownsworthlv@abc.net.au,5 Butterfield Lane,Colorado Springs,CO,80940,6.99.252.193
789,Howie,Kidstone,hkidstonelw@privacy.gov.au,0 Veith Park,Montgomery,AL,36114,204.45.24.75
790,Guillema,Fockes,gfockeslx@exblog.jp,99264 Heath Center,Des Moines,IA,50981,119.36.217.149
791,Chadwick,Higgan,chigganly@buzzfeed.com,812 Warner Junction,Shreveport,LA,71161,179.42.59.13
792,Dawn,Bielfeld,dbielfeldlz@craigslist.org,27 Brentwood Crossing,Oklahoma City,OK,73173,143.57.19.16
793,Agnola,Blazewicz,ablazewiczm0@nasa.gov,216 Norway Maple Drive,Indianapolis,IN,46247,127.169.110.167
794,Virge,Wagner,vwagnerm1@google.co.jp,18 West Junction,Boston,MA,2124,225.127.11.11
795,Arlena,Pawlett,apawlettm2@typepad.com,76 Granby Circle,Washington,DC,20520,131.127.67.254
796,Lonny,Leipoldt,lleipoldtm3@google.ru,170 Prairie Rose Alley,Hartford,CT,6120,134.32.152.9
797,Carmine,Buttler,cbuttlerm4@sbwire.com,71685 Susan Way,Huntington,WV,25770,33.189.46.245
798,Sybyl,Pleager,spleagerm5@infoseek.co.jp,9 Green Ridge Street,Norcross,GA,30092,72.154.217.44
799,Xylina,Hartburn,xhartburnm6@google.fr,21 Melrose Circle,Las Vegas,NV,89150,27.213.103.175
800,Patrice,Maestrini,pmaestrinim7@wikispaces.com,5879 Mockingbird Junction,Charleston,WV,25336,225.230.71.208
801,Bart,Dulson,bdulsonm8@photobucket.com,3244 Nelson Lane,Little Rock,AR,72231,144.188.243.37
802,Edouard,Brigdale,ebrigdalem9@addthis.com,5 Hoard Court,Charleston,WV,25356,171.23.60.46
803,Wilhelmine,Longstaff,wlongstaffma@kickstarter.com,871 Birchwood Avenue,Columbus,OH,43268,181.185.239.14
804,Thorn,Hannigane,thanniganemb@omniture.com,5644 Kenwood Terrace,Peoria,AZ,85383,35.199.182.111
805,Sergio,Burwood,sburwoodmc@ed.gov,73184 Hintze Lane,Staten Island,NY,10305,124.194.143.159
806,Adriane,Hortop,ahortopmd@baidu.com,181 Independence Drive,Phoenix,AZ,85099,253.75.202.13
807,Jeanelle,Barbey,jbarbeyme@technorati.com,2 Anniversary Terrace,Salt Lake City,UT,84189,142.226.73.140
808,Flin,Badman,fbadmanmf@usgs.gov,5 New Castle Hill,West Palm Beach,FL,33421,38.35.199.124
809,Napoleon,Lemonnier,nlemonniermg@soundcloud.com,7 Schlimgen Pass,Birmingham,AL,35263,16.191.172.29
810,Page,Ast,pastmh@businessweek.com,68 Colorado Point,Columbus,OH,43210,156.129.154.231
811,Morganne,Dunkersley,mdunkersleymi@flavors.me,842 Park Meadow Plaza,Annapolis,MD,21405,33.75.174.75
812,Brian,Langtry,blangtrymj@usatoday.com,16 Dapin Avenue,Herndon,VA,22070,122.156.215.47
813,Sarge,Daykin,sdaykinmk@bbc.co.uk,7155 Dennis Court,South Bend,IN,46620,255.243.109.243
814,Araldo,Wimes,awimesml@spotify.com,5353 Northridge Junction,Duluth,MN,55805,23.226.185.236
815,Ford,Cheesley,fcheesleymm@tamu.edu,91956 Riverside Alley,Richmond,VA,23277,40.43.191.3
816,Mercy,Francesch,mfranceschmn@wikipedia.org,11130 Fulton Hill,Baton Rouge,LA,70810,61.135.180.0
817,Jaquith,Drohane,jdrohanemo@qq.com,5841 Arapahoe Pass,Pittsburgh,PA,15225,203.223.202.110
818,Sarah,Gaveltone,sgaveltonemp@earthlink.net,120 Kingsford Plaza,Greenville,SC,29615,6.97.150.227
819,Kassie,O'Corrin,kocorrinmq@liveinternet.ru,9006 Prairieview Avenue,Fresno,CA,93715,85.37.223.184
820,Kylie,Care,kcaremr@fotki.com,6 2nd Circle,Anderson,IN,46015,105.151.1.68
821,Minnie,Sowthcote,msowthcotems@hc360.com,844 Bunker Hill Point,Virginia Beach,VA,23471,69.72.90.114
822,Kasey,Straffon,kstraffonmt@opera.com,15384 Melvin Court,Tacoma,WA,98442,171.69.246.206
823,Arlette,Lyosik,alyosikmu@acquirethisname.com,381 Farwell Parkway,Springfield,MA,1152,126.251.180.90
824,Becki,Fealy,bfealymv@spotify.com,335 Jenna Place,Chicago,IL,60641,241.252.251.241
825,Renault,Sarfati,rsarfatimw@ning.com,5298 Atwood Point,Austin,TX,78749,115.140.224.237
826,Stearne,Danihel,sdanihelmx@nymag.com,9 Novick Lane,San Angelo,TX,76905,79.157.20.69
827,Claudina,McCleverty,cmcclevertymy@naver.com,21 Loeprich Street,Bradenton,FL,34282,24.173.150.19
828,Lizabeth,Arnaudet,larnaudetmz@sina.com.cn,45 West Drive,Washington,DC,20220,46.44.216.48
829,Jeniffer,Berni,jbernin0@mashable.com,43 Buena Vista Circle,San Jose,CA,95173,109.172.85.133
830,Erhard,Gulley,egulleyn1@dagondesign.com,2 Caliangt Center,Tampa,FL,33615,188.163.82.156
831,Marney,Kitcherside,mkitchersiden2@usnews.com,403 Northview Hill,Milwaukee,WI,53215,253.8.6.199
832,Maighdiln,Gierek,mgierekn3@t-online.de,7986 Doe Crossing Avenue,Sioux Falls,SD,57198,198.23.217.130
833,My,Babb,mbabbn4@nba.com,00159 Maple Wood Street,Memphis,TN,38104,169.42.15.200
834,Silvia,McGucken,smcguckenn5@angelfire.com,8284 Corry Road,Austin,TX,78769,14.238.109.119
835,Sherwin,Dodsley,sdodsleyn6@de.vu,24376 Onsgard Road,Bakersfield,CA,93386,133.211.107.97
836,Vally,Loughlin,vloughlinn7@exblog.jp,40489 Towne Junction,Washington,DC,20530,115.102.78.244
837,Huntley,Sharrem,hsharremn8@mapy.cz,126 Elmside Center,Raleigh,NC,27690,228.81.187.10
838,Raynell,Crab,rcrabn9@twitter.com,1817 Northport Center,Harrisburg,PA,17140,181.218.130.149
839,Sacha,Instock,sinstockna@netvibes.com,27 Alpine Road,Fort Myers,FL,33994,245.15.82.60
840,Stillmann,Kluge,sklugenb@taobao.com,312 Meadow Valley Alley,Brooklyn,NY,11231,243.56.239.103
841,Jamesy,Missen,jmissennc@sina.com.cn,056 Thierer Parkway,Miami,FL,33111,147.187.176.61
842,Milton,Gokes,mgokesnd@gnu.org,713 Drewry Lane,Littleton,CO,80161,127.44.172.248
843,Buckie,Stoakley,bstoakleyne@parallels.com,4135 Northport Place,Peoria,IL,61614,179.108.103.6
844,Ric,Bickell,rbickellnf@cyberchimps.com,45453 Gerald Place,Corpus Christi,TX,78405,87.206.240.48
845,Jeri,Trodden,jtroddenng@sciencedaily.com,6 Blue Bill Park Trail,Sacramento,CA,94207,244.225.35.251
846,Dean,Upshall,dupshallnh@mit.edu,805 Cordelia Trail,Mobile,AL,36622,133.242.54.122
847,Case,Douthwaite,cdouthwaiteni@bloglovin.com,8664 Chinook Trail,Duluth,GA,30096,209.117.235.140
848,Emili,Dietzler,edietzlernj@fema.gov,817 Farwell Place,Redwood City,CA,94064,117.94.129.126
849,Ted,Peteri,tpeterink@opensource.org,51794 Hoard Pass,Phoenix,AZ,85062,143.254.173.220
850,Vasilis,Hanscomb,vhanscombnl@w3.org,50327 Arapahoe Alley,Kansas City,MO,64125,155.249.119.95
851,Ame,Labrum,alabrumnm@tinyurl.com,535 Shoshone Center,Erie,PA,16505,237.45.208.17
852,Leeland,Dorian,ldoriannn@bandcamp.com,4 Anthes Avenue,Houston,TX,77212,211.31.49.112
853,Hillel,Paulus,hpaulusno@businessinsider.com,5089 Longview Parkway,Alpharetta,GA,30022,44.92.227.51
854,Edna,Isgar,eisgarnp@i2i.jp,88185 Cardinal Junction,Birmingham,AL,35295,21.21.230.211
855,Byrom,Puddan,bpuddannq@howstuffworks.com,7198 Northwestern Drive,San Diego,CA,92191,220.192.111.227
856,Jemie,Ivanitsa,jivanitsanr@lulu.com,33368 Hermina Parkway,Buffalo,NY,14233,10.132.85.227
857,Sunny,Scurr,sscurrns@marketwatch.com,27 Merrick Hill,Pasadena,CA,91199,34.69.246.236
858,Sonni,Reaman,sreamannt@wp.com,0 Marcy Crossing,Arlington,VA,22234,77.172.117.215
859,Ransell,Boliver,rbolivernu@ox.ac.uk,67586 Veith Hill,Jamaica,NY,11407,61.34.52.72
860,Vernice,McGarahan,vmcgarahannv@imgur.com,0 Fulton Junction,Simi Valley,CA,93094,70.218.211.220
861,Babbette,Gathercole,bgathercolenw@google.pl,75392 Grover Pass,Paterson,NJ,7544,115.55.139.53
862,Justino,Halford,jhalfordnx@china.com.cn,2 Sundown Pass,Houston,TX,77288,22.40.35.138
863,Bette,Piniur,bpiniurny@twitter.com,952 Iowa Avenue,Birmingham,AL,35285,94.14.176.151
864,Margalo,Seargeant,mseargeantnz@skype.com,8938 Manitowish Court,Meridian,MS,39305,225.198.7.218
865,Pooh,Peret,ppereto0@usgs.gov,0050 Fieldstone Lane,Cleveland,OH,44191,52.31.127.216
866,Ludovika,Bartlosz,lbartloszo1@hatena.ne.jp,51621 Milwaukee Circle,New Bedford,MA,2745,197.120.118.1
867,Noel,Dumbare,ndumbareo2@prlog.org,71 Oakridge Park,Independence,MO,64054,194.206.121.126
868,Weston,Novichenko,wnovichenkoo3@friendfeed.com,6 Service Crossing,Arvada,CO,80005,147.125.103.11
869,Yoshi,Culp,yculpo4@amazon.de,55 Atwood Center,Warren,OH,44485,236.228.178.88
870,Tim,Dearan,tdearano5@ucla.edu,3 Anthes Junction,Bethlehem,PA,18018,242.193.143.204
871,Ingaborg,Dwyer,idwyero6@blogspot.com,72 Granby Junction,Greensboro,NC,27499,229.63.187.149
872,Baxie,Burth,bburtho7@weebly.com,77797 Shasta Lane,Carol Stream,IL,60351,52.213.98.11
873,Woodman,McAteer,wmcateero8@go.com,33 Tomscot Parkway,El Paso,TX,79994,21.248.90.113
874,Charin,Clemoes,cclemoeso9@shinystat.com,55 Drewry Way,Boston,MA,2114,203.187.226.170
875,Rubetta,Schapero,rschaperooa@ox.ac.uk,8 Starling Place,Jackson,MS,39216,82.35.132.64
876,Nichol,Schanke,nschankeob@rambler.ru,88339 Westport Circle,Albany,NY,12222,51.27.56.159
877,Elvira,Tossell,etosselloc@google.ru,87 Stuart Way,Philadelphia,PA,19191,171.38.0.84
878,Carley,Mitton,cmittonod@1und1.de,62 David Alley,Montgomery,AL,36134,242.197.122.47
879,Harmony,Leisman,hleismanoe@surveymonkey.com,860 Anzinger Way,Beaverton,OR,97075,13.209.47.162
880,Melli,Bulcock,mbulcockof@baidu.com,815 Holmberg Street,Chesapeake,VA,23324,26.22.29.168
881,Catrina,Newarte,cnewarteog@nyu.edu,34017 Birchwood Center,Sunnyvale,CA,94089,12.236.119.148
882,Rebe,Elkington,relkingtonoh@slideshare.net,6800 Dorton Crossing,Brooksville,FL,34605,169.161.113.51
883,June,Duran,jduranoi@boston.com,225 Farwell Terrace,Fort Pierce,FL,34949,165.23.173.147
884,Dorotea,Dewdney,ddewdneyoj@seattletimes.com,82641 Judy Alley,Fort Worth,TX,76121,254.81.236.154
885,Hillary,Druhan,hdruhanok@google.com,19383 Dahle Place,Oklahoma City,OK,73152,242.87.188.88
886,Bayard,Paramore,bparamoreol@vkontakte.ru,55848 Morningstar Junction,Brooklyn,NY,11247,185.60.7.75
887,Kimball,Lochhead,klochheadom@dion.ne.jp,5 Roth Street,Reston,VA,20195,131.70.108.184
888,Keefer,Malone,kmaloneon@bravesites.com,2370 Bayside Plaza,Columbia,SC,29215,85.90.19.254
889,Stefania,Gozard,sgozardoo@cargocollective.com,2 Luster Junction,Little Rock,AR,72204,175.247.149.175
890,Theodora,Mila,tmilaop@thetimes.co.uk,66 Swallow Avenue,South Bend,IN,46620,186.53.108.240
891,Veradis,Marians,vmariansoq@prlog.org,2109 Badeau Way,Dallas,TX,75216,140.243.226.187
892,Torin,Marchant,tmarchantor@issuu.com,3 Warner Plaza,Amarillo,TX,79105,238.181.104.195
893,Celestyna,Cram,ccramos@thetimes.co.uk,7360 Dapin Parkway,Phoenix,AZ,85035,176.113.124.213
894,Mohammed,Breakey,mbreakeyot@mit.edu,42982 Troy Street,Detroit,MI,48242,142.64.225.179
895,Doro,Gryglewski,dgryglewskiou@jugem.jp,23 Paget Circle,Prescott,AZ,86305,14.195.105.2
896,Gisele,Nielson,gnielsonov@reddit.com,28 Mcbride Alley,Anderson,SC,29625,248.51.11.23
897,Albert,Camm,acammow@reuters.com,50358 Fallview Street,Colorado Springs,CO,80915,117.128.194.102
898,Kenna,Sissel,ksisselox@amazon.co.jp,14 Florence Crossing,Midland,MI,48670,10.144.36.248
899,Deloria,Vogel,dvogeloy@ovh.net,462 John Wall Hill,Anaheim,CA,92825,224.179.103.54
900,Shannen,Lytton,slyttonoz@msn.com,1 Tennessee Avenue,New Orleans,LA,70129,103.15.249.183
901,Eveline,Kliesl,eklieslp0@twitpic.com,588 Waywood Avenue,Nashville,TN,37205,68.77.177.31
902,Freda,Crowcum,fcrowcump1@pen.io,55 Mariners Cove Park,El Paso,TX,79984,178.62.33.25
903,Myrilla,Mackneis,mmackneisp2@hexun.com,5948 Huxley Park,Philadelphia,PA,19120,123.147.192.78
904,Annalee,Delacote,adelacotep3@i2i.jp,466 Mccormick Drive,Norfolk,VA,23551,242.88.75.175
905,Kylila,Woolager,kwoolagerp4@noaa.gov,0895 Cottonwood Lane,Tulsa,OK,74149,238.165.248.137
906,Juliet,Tutchings,jtutchingsp5@canalblog.com,42632 Dwight Street,Naples,FL,34102,73.99.195.226
907,Hayward,Gemnett,hgemnettp6@printfriendly.com,661 Marcy Parkway,Arlington,TX,76016,226.12.159.144
908,Kareem,Brewis,kbrewisp7@microsoft.com,962 Waywood Lane,Austin,TX,78744,29.201.165.145
909,Estel,Trustrie,etrustriep8@umich.edu,5056 Hansons Point,Orlando,FL,32891,64.24.140.113
910,Emmey,Carlesso,ecarlessop9@sun.com,51358 Harper Point,Houston,TX,77223,35.210.241.162
911,Fairfax,Frankiss,ffrankisspa@yale.edu,8 Holmberg Parkway,Evanston,IL,60208,207.94.76.133
912,Morena,Cantu,mcantupb@hp.com,594 Sloan Terrace,Richmond,VA,23285,171.222.192.236
913,Derry,Stenner,dstennerpc@google.ca,7014 Carioca Way,Fairbanks,AK,99709,82.112.188.237
914,Jorey,Vass,jvasspd@nyu.edu,2241 Schlimgen Terrace,Albany,GA,31704,116.194.147.107
915,Shurlocke,Snazel,ssnazelpe@latimes.com,53 Charing Cross Junction,Anaheim,CA,92812,141.100.31.246
916,Axe,Beumant,abeumantpf@barnesandnoble.com,9 Esker Circle,Nashville,TN,37210,194.162.241.116
917,Lefty,Daykin,ldaykinpg@noaa.gov,8 Waxwing Circle,Denver,CO,80209,246.119.250.49
918,Bethanne,Bonny,bbonnyph@netvibes.com,5586 Scott Park,Lake Charles,LA,70607,142.134.63.3
919,Rita,Selman,rselmanpi@tripod.com,824 Ohio Parkway,Des Moines,IA,50981,235.14.164.19
920,Etan,Wandtke,ewandtkepj@addtoany.com,57712 Evergreen Center,Savannah,GA,31422,211.99.123.145
921,Merralee,Doyle,mdoylepk@cdbaby.com,540 Nelson Street,Hampton,VA,23663,48.237.102.42
922,Herman,Ambrosoni,hambrosonipl@dell.com,856 Green Ridge Avenue,Austin,TX,78764,189.49.164.202
923,Sean,Snowden,ssnowdenpm@over-blog.com,13036 Judy Way,Texarkana,TX,75507,173.107.195.71
924,Odie,Beldom,obeldompn@answers.com,645 Spohn Center,Memphis,TN,38181,206.33.136.38
925,Inessa,Florez,iflorezpo@psu.edu,3 Fuller Drive,Van Nuys,CA,91411,166.153.130.215
926,Izak,Cashman,icashmanpp@360.cn,054 Bayside Pass,Nashville,TN,37250,66.241.147.47
927,Ardys,McCloughlin,amccloughlinpq@ehow.com,1 Lakewood Pass,Worcester,MA,1610,128.137.159.66
928,Ranna,Padell,rpadellpr@mozilla.com,62247 Forest Way,Charlotte,NC,28289,46.229.96.239
929,Barney,Tosdevin,btosdevinps@wikipedia.org,18 Westport Alley,Salt Lake City,UT,84145,234.203.183.111
930,Berk,Cowlam,bcowlampt@wikimedia.org,3836 Ruskin Trail,Lakeland,FL,33811,144.181.92.41
931,Gratiana,Cartin,gcartinpu@baidu.com,20 Daystar Parkway,Vienna,VA,22184,74.106.165.196
932,Gal,Bohin,gbohinpv@smugmug.com,75 Menomonie Court,Baton Rouge,LA,70826,189.54.33.160
933,Jacenta,McGlynn,jmcglynnpw@google.ru,077 Debs Way,Longview,TX,75605,16.107.157.75
934,Vanna,Dewdney,vdewdneypx@oakley.com,5092 Sutteridge Trail,Los Angeles,CA,90010,177.236.15.2
935,Wes,Kenwright,wkenwrightpy@reference.com,1783 Melvin Junction,San Francisco,CA,94164,56.143.135.12
936,Isiahi,Sweynson,isweynsonpz@accuweather.com,33 Stoughton Parkway,Saint Louis,MO,63158,15.120.102.181
937,Jennifer,Leadston,jleadstonq0@bizjournals.com,338 Arapahoe Lane,East Saint Louis,IL,62205,19.129.149.130
938,Rozalin,Huxster,rhuxsterq1@nsw.gov.au,6082 Annamark Crossing,Tucson,AZ,85732,51.145.87.152
939,Kerwin,Lodford,klodfordq2@loc.gov,0395 Coleman Alley,Murfreesboro,TN,37131,107.185.100.48
940,Nickie,Munning,nmunningq3@weebly.com,016 Messerschmidt Street,Daytona Beach,FL,32123,11.91.196.27
941,Gwenore,Rubinfeld,grubinfeldq4@icq.com,6 Kim Place,Saint Louis,MO,63196,229.118.126.168
942,Piper,Lidgely,plidgelyq5@earthlink.net,54 Warbler Plaza,Scranton,PA,18514,185.177.216.42
943,Aubrette,Ludl,aludlq6@tmall.com,83431 Dovetail Crossing,Miami,FL,33134,121.130.102.213
944,Packston,Edwardes,pedwardesq7@berkeley.edu,505 Alpine Pass,Nashville,TN,37228,124.177.138.186
945,Margaretha,Dunham,mdunhamq8@msu.edu,104 Commercial Alley,New York City,NY,10131,167.92.96.143
946,Maude,Crandon,mcrandonq9@bbb.org,6310 Judy Lane,Temple,TX,76505,158.36.188.86
947,Shelba,Ballantine,sballantineqa@istockphoto.com,53888 Westerfield Alley,Madison,WI,53705,202.254.238.8
948,Gifford,Matterface,gmatterfaceqb@slate.com,37384 Mifflin Drive,Omaha,NE,68134,59.191.124.92
949,Arther,Lubeck,alubeckqc@livejournal.com,6849 Basil Place,Saint Paul,MN,55123,201.52.213.135
950,Hope,Vasyagin,hvasyaginqd@w3.org,4641 Buell Point,Spokane,WA,99220,230.53.243.11
951,Vittoria,Glyssanne,vglyssanneqe@infoseek.co.jp,1923 Kropf Alley,Lakeland,FL,33811,98.166.162.169
952,Jonis,Braxay,jbraxayqf@umn.edu,13 Hagan Park,Columbus,OH,43210,152.102.28.67
953,Deny,Upward,dupwardqg@blogtalkradio.com,460 Truax Drive,Anderson,IN,46015,135.233.193.149
954,Breena,Denniss,bdennissqh@hubpages.com,43999 Bultman Street,Nashville,TN,37228,157.81.29.246
955,Lorilee,Vennart,lvennartqi@xing.com,54 Oriole Pass,Los Angeles,CA,90050,10.122.110.189
956,Daren,Siviter,dsiviterqj@umn.edu,7 Melrose Court,Columbus,OH,43220,83.193.150.215
957,Meredith,Pidcock,mpidcockqk@marriott.com,7 Sutherland Alley,Charlotte,NC,28225,181.117.132.119
958,Waylan,Gudger,wgudgerql@nasa.gov,0691 Armistice Circle,Hayward,CA,94544,134.47.205.136
959,Alasteir,Lawey,alaweyqm@cafepress.com,5987 Mosinee Trail,Garden Grove,CA,92645,41.91.66.119
960,Marve,Temperton,mtempertonqn@eventbrite.com,946 Sutteridge Center,Duluth,MN,55811,130.97.202.141
961,Orlan,Gunther,oguntherqo@nsw.gov.au,12757 Prentice Court,Wilmington,DE,19892,162.219.130.207
962,Gerty,Ivushkin,givushkinqp@archive.org,5310 Vera Crossing,Virginia Beach,VA,23464,153.201.177.157
963,Phil,Odcroft,podcroftqq@globo.com,60 Prairie Rose Junction,Tulsa,OK,74149,123.141.216.175
964,Renata,Cockshut,rcockshutqr@live.com,99476 Bluejay Street,New Orleans,LA,70124,113.10.8.230
965,Melinde,McInnerny,mmcinnernyqs@eepurl.com,444 Buell Parkway,Omaha,NE,68179,132.25.162.158
966,Sharia,Piniur,spiniurqt@twitter.com,5808 Norway Maple Place,Spokane,WA,99220,189.128.93.201
967,Hollis,MacKerley,hmackerleyqu@drupal.org,972 Debra Trail,Baltimore,MD,21211,12.6.237.18
968,Blakelee,Ness,bnessqv@stumbleupon.com,4 Arrowood Parkway,Austin,TX,78703,215.234.63.2
969,Leona,Edridge,ledridgeqw@sciencedaily.com,15 Farragut Parkway,Mountain View,CA,94042,228.154.251.244
970,Marmaduke,Clery,mcleryqx@bbb.org,040 Kinsman Junction,Dallas,TX,75387,172.222.96.184
971,Rosamund,Pedican,rpedicanqy@sciencedaily.com,3131 Summer Ridge Plaza,New York City,NY,10014,41.39.47.237
972,Norrie,Drewitt,ndrewittqz@yahoo.com,10671 Walton Center,Boise,ID,83716,106.104.45.255
973,Alvan,Pic,apicr0@house.gov,92 Manufacturers Hill,Charlottesville,VA,22908,137.254.192.162
974,Hillie,Canizares,hcanizaresr1@youtu.be,0 Sachs Hill,Omaha,NE,68179,83.198.208.254
975,Merrielle,Irce,mircer2@admin.ch,4996 Maywood Center,Cedar Rapids,IA,52405,242.99.175.53
976,Dominique,Shimwall,dshimwallr3@biglobe.ne.jp,5 Badeau Point,Philadelphia,PA,19196,167.167.130.77
977,Travus,Deeman,tdeemanr4@sbwire.com,4343 Steensland Junction,Philadelphia,PA,19184,138.89.10.106
978,Bettine,Gorch,bgorchr5@samsung.com,3891 Dakota Trail,Montgomery,AL,36134,124.169.169.226
979,Mira,Jedrychowski,mjedrychowskir6@arizona.edu,809 Talmadge Plaza,Austin,TX,78783,188.8.231.23
980,Hayley,Wickie,hwickier7@dailymail.co.uk,993 Ramsey Center,Huntington,WV,25705,209.148.62.209
981,Kaycee,Vittore,kvittorer8@weather.com,20499 Division Hill,Tulsa,OK,74149,33.162.181.220
982,Ethel,Ratley,eratleyr9@dell.com,0 Milwaukee Circle,Wichita,KS,67205,161.5.23.255
983,Katrine,Sandys,ksandysra@artisteer.com,78 Sheridan Alley,Apache Junction,AZ,85219,151.14.216.248
984,Rube,Murphy,rmurphyrb@skype.com,1 6th Junction,Kansas City,MO,64136,223.153.187.144
985,Vaughn,Gingel,vgingelrc@vk.com,7115 Nobel Place,Huntington,WV,25705,49.184.200.212
986,Luciana,Kleinschmidt,lkleinschmidtrd@vimeo.com,13 Comanche Road,Gatesville,TX,76598,116.33.225.31
987,Josie,Olijve,jolijvere@4shared.com,93739 Stephen Circle,Salt Lake City,UT,84105,97.68.213.128
988,Allis,Tallquist,atallquistrf@go.com,262 Utah Street,Knoxville,TN,37939,121.18.34.182
989,Erminie,Storr,estorrrg@columbia.edu,5056 Scott Terrace,San Francisco,CA,94177,178.113.120.94
990,Abdul,Gerrie,agerrierh@istockphoto.com,0161 Canary Street,Washington,DC,20073,176.126.46.37
991,Codi,Renney,crenneyri@google.com.hk,56314 Welch Alley,Arlington,TX,76096,231.179.22.32
992,Victoria,Matzl,vmatzlrj@surveymonkey.com,00151 7th Road,Fort Worth,TX,76192,41.168.16.18
993,Lucilia,Rouff,lrouffrk@fda.gov,935 Nelson Terrace,Flushing,NY,11355,149.133.181.215
994,Ernestine,Gwillim,egwillimrl@businessinsider.com,547 Buell Point,Lincoln,NE,68510,22.167.33.126
995,Cleopatra,Megainey,cmegaineyrm@vinaora.com,8 Graedel Drive,Fresno,CA,93794,118.191.216.74
996,Zelma,Hatchett,zhatchettrn@ocn.ne.jp,64182 Crescent Oaks Road,Orlando,FL,32803,28.229.233.144
997,Gaile,Gulland,ggullandro@elpais.com,368 Welch Road,Los Angeles,CA,90071,58.244.139.185
998,Jolyn,Maxwell,jmaxwellrp@purevolume.com,3 Ronald Regan Center,Youngstown,OH,44505,43.214.176.222
999,Jasun,Spedroni,jspedronirq@tinyurl.com,26753 Elka Drive,Albany,NY,12227,41.129.52.217
1000,Cari,Floyed,cfloyedrr@bbc.co.uk,56048 Ludington Crossing,Alexandria,VA,22313,144.161.121.6